GFC Code,Size,Name,Type, Price ,filename used,size (g),category
FF 10325 1Kg,1000,Inspiration From Butterfly by Hanae Mori   ,Feminine,"5,474.56",1000ml-Inspiration From Butterfly by Hanae Mori   ,1000g,Fragrances
FF 10405 1Kg,1000,Inspiration From Parisienne A L'Extreme   ,Feminine,"4,802.56",1000ml-Inspiration From Parisienne A L'Extreme   ,1000g,Fragrances
FF 10098 1Kg,1000,Inspiration From Pure Grace  ,Feminine,"4,802.56",1000ml-Inspiration From Pure Grace  ,1000g,Fragrances
SG 40005 1Kg,1000,Inspiration From Grapefruit Premium   ,Gourmand,"4,480.00",1000ml-Inspiration From Grapefruit Premium   ,1000g,Fragrances
FF 10090 1Kg,1000,Inspiration From Hugo Femme (ver Sub)   ,Feminine,"4,477.76",1000ml-Inspiration From Hugo Femme (ver Sub)   ,1000g,Fragrances
MF 20126 1Kg,1000,Inspiration From Weekend (ver Fr)   ,Masculine,"4,354.56",1000ml-Inspiration From Weekend (ver Fr)   ,1000g,Fragrances
BP 10035 1Kg,1000,Inspiration From Kenzo Flower   ,Feminine,"4,312.00",1000ml-Inspiration From Kenzo Flower   ,1000g,Fragrances
MF 20162 1Kg,1000,Inspiration From Aqua Bvlgari Men ,Masculine,"4,256.00",1000ml-Inspiration From Aqua Bvlgari Men ,1000g,Fragrances
FF 10297 1Kg,1000,Inspiration From Baby Tous   ,Feminine,"4,256.00",1000ml-Inspiration From Baby Tous   ,1000g,Fragrances
MF 20184 1Kg,1000,Inspiration From BaldessariniStrictly Private   ,Masculine,"4,256.00",1000ml-Inspiration From BaldessariniStrictly Private   ,1000g,Fragrances
FF 10406 1Kg,1000,Inspiration From Be Delicious Night DKNY   ,Feminine,"4,256.00",1000ml-Inspiration From Be Delicious Night DKNY   ,1000g,Fragrances
MF 20251 1Kg,1000,Inspiration From Black XS L'Excess  ,Masculine,"4,256.00",1000ml-Inspiration From Black XS L'Excess  ,1000g,Fragrances
MF 20199 1kg,1000,Inspiration From Burberry Sport   ,Masculine,"4,256.00",1000ml-Inspiration From Burberry Sport   ,1000g,Fragrances
FF 10362 1Kg,1000,Inspiration From Bvlgari Amethyst  ,Feminine,"4,256.00",1000ml-Inspiration From Bvlgari Amethyst  ,1000g,Fragrances
FF 10517 1Kg,1000,Inspiration From Chanel Chance  ,Feminine,"4,256.00",1000ml-Inspiration From Chanel Chance  ,1000g,Fragrances
MF 20200 1kg,1000,Inspiration From Cool Water Ice Fresh   ,Masculine,"4,256.00",1000ml-Inspiration From Cool Water Ice Fresh   ,1000g,Fragrances
FF 10310 1Kg,1000,Inspiration From Dream of Pink   ,Feminine,"4,256.00",1000ml-Inspiration From Dream of Pink   ,1000g,Fragrances
FF 10309 1Kg,1000,Inspiration From Eau de Hermes   ,Feminine,"4,256.00",1000ml-Inspiration From Eau de Hermes   ,1000g,Fragrances
MF 20215 1Kg,1000,Inspiration From Gucci Guilty   ,Masculine,"4,256.00",1000ml-Inspiration From Gucci Guilty   ,1000g,Fragrances
MF 20160 1Kg,1000,Inspiration From Jovan Musk   ,Masculine,"4,256.00",1000ml-Inspiration From Jovan Musk   ,1000g,Fragrances
MF 20243 1Kg,1000,Inspiration From L'Homme Libre by YSL  ,Masculine,"4,256.00",1000ml-Inspiration From L'Homme Libre by YSL  ,1000g,Fragrances
MF 20175 1Kg,1000,Inspiration From Lacoste Challenge   ,Masculine,"4,256.00",1000ml-Inspiration From Lacoste Challenge   ,1000g,Fragrances
MF 20219 1Kg,1000,Inspiration From Lacoste Green (Vert)   ,Masculine,"4,256.00",1000ml-Inspiration From Lacoste Green (Vert)   ,1000g,Fragrances
MF 20225 1Kg,1000,Inspiration From Lacoste White (Blanc)   ,Masculine,"4,256.00",1000ml-Inspiration From Lacoste White (Blanc)   ,1000g,Fragrances
FF 10376 1kg,1000,Inspiration From Le Paradis De Nina   ,Feminine,"4,256.00",1000ml-Inspiration From Le Paradis De Nina   ,1000g,Fragrances
FF 10300 1Kg,1000,Inspiration From Moonsparkle   ,Feminine,"4,256.00",1000ml-Inspiration From Moonsparkle   ,1000g,Fragrances
MF 20137 1Kg,1000,Inspiration From Polo Double Black   ,Masculine,"4,256.00",1000ml-Inspiration From Polo Double Black   ,1000g,Fragrances
FF 10293 1Kg,1000,Inspiration From Sweet Daydream  (VS) ,Feminine,"4,256.00",1000ml-Inspiration From Sweet Daydream  (VS) ,1000g,Fragrances
FF 10375 1kg,1000,Inspiration From Tresor in Love by Lancome   ,Feminine,"4,256.00",1000ml-Inspiration From Tresor in Love by Lancome   ,1000g,Fragrances
FF 10283 1Kg,1000,Inspiration From Ultraviolet Women  ,Feminine,"4,256.00",1000ml-Inspiration From Ultraviolet Women  ,1000g,Fragrances
FF 10233 1Kg,1000,Inspiration From Zen   ,Feminine,"4,256.00",1000ml-Inspiration From Zen   ,1000g,Fragrances
BP 10004 1Kg,1000,Inspiration From Happy Men   ,Masculine,"4,054.40",1000ml-Inspiration From Happy Men   ,1000g,Fragrances
FF 10374 1kg,1000,Inspiration From Beyonce Heat   ,Feminine,"4,032.00",1000ml-Inspiration From Beyonce Heat   ,1000g,Fragrances
FF 10387 1Kg,1000,Inspiration From Black Pepper  ,Feminine,"4,032.00",1000ml-Inspiration From Black Pepper  ,1000g,Fragrances
FF 10511 1Kg,1000,Inspiration From Black XS L'Excess Women  ,Feminine,"4,032.00",1000ml-Inspiration From Black XS L'Excess Women  ,1000g,Fragrances
BP 10053 1Kg,1000,Inspiration From CK One  ,Feminine,"4,032.00",1000ml-Inspiration From CK One  ,1000g,Fragrances
FF 10306 1Kg,1000,Inspiration From Dreaming Tommy Hilfiger   ,Feminine,"4,032.00",1000ml-Inspiration From Dreaming Tommy Hilfiger   ,1000g,Fragrances
FF 10334 1Kg,1000,Inspiration From Eau de Fleur Soie by Kenzo   ,Feminine,"4,032.00",1000ml-Inspiration From Eau de Fleur Soie by Kenzo   ,1000g,Fragrances
FF 10332 1Kg,1000,Inspiration From Eau Indigo by Kenzo   ,Feminine,"4,032.00",1000ml-Inspiration From Eau Indigo by Kenzo   ,1000g,Fragrances
FF 103916 1Kg,1000,Inspiration From Eclat D Aprege by Lanvin  ,Feminine,"4,032.00",1000ml-Inspiration From Eclat D Aprege by Lanvin  ,1000g,Fragrances
BP 10023 1Kg,1000,Inspiration From Hugo Boss Men   ,Masculine,"4,032.00",1000ml-Inspiration From Hugo Boss Men   ,1000g,Fragrances
MF 20153 1Kg,1000,Inspiration From Into the Blue   ,Masculine,"4,032.00",1000ml-Inspiration From Into the Blue   ,1000g,Fragrances
FF 10413 1Kg,1000,Inspiration From Key Base Bvlgari Amethyst  ,Feminine,"4,032.00",1000ml-Inspiration From Key Base Bvlgari Amethyst  ,1000g,Fragrances
MF 20204 1Kg,1000,Inspiration From Lanvin L'Homme Sport   ,Masculine,"4,032.00",1000ml-Inspiration From Lanvin L'Homme Sport   ,1000g,Fragrances
FF 10333 1Kg,1000,Inspiration From Marc Jacobs Lola   ,Feminine,"4,032.00",1000ml-Inspiration From Marc Jacobs Lola   ,1000g,Fragrances
FF 10222 1Kg,1000,Inspiration From Sexy Little Thing  (VS) ,Feminine,"4,032.00",1000ml-Inspiration From Sexy Little Thing  (VS) ,1000g,Fragrances
FF 10370 1kg,1000,Inspiration From Siren Paris Hilton   ,Feminine,"4,032.00",1000ml-Inspiration From Siren Paris Hilton   ,1000g,Fragrances
FF 10335 1Kg,1000,Inspiration From Ultraviolet Flouressence  ,Feminine,"4,032.00",1000ml-Inspiration From Ultraviolet Flouressence  ,1000g,Fragrances
FF 10141 1Kg,1000,Inspiration From Universe Escada   ,Feminine,"4,032.00",1000ml-Inspiration From Universe Escada   ,1000g,Fragrances
BP 10012 1Kg,1000,Inspiration From Eternity Men   ,Masculine,"4,004.00",1000ml-Inspiration From Eternity Men   ,1000g,Fragrances
BP 10043 1Kg,1000,Inspiration From Chanel No. 5  ,Feminine,"3,998.40",1000ml-Inspiration From Chanel No. 5  ,1000g,Fragrances
BP 10046 1Kg,1000,Inspiration From L'Occitane The Vert  ,Personal Care,"3,920.00",1000ml-Inspiration From L'Occitane The Vert  ,1000g,Fragrances
FF 10330 1Kg,1000,Inspiration From Acca Kappa Calycanthus  ,Feminine,"3,808.00",1000ml-Inspiration From Acca Kappa Calycanthus  ,1000g,Fragrances
FF 10514 1Kg,1000,Inspiration From Be Delicious Fresh Bloom  ,Feminine,"3,808.00",1000ml-Inspiration From Be Delicious Fresh Bloom  ,1000g,Fragrances
FF 10291 1Kg,1000,Inspiration From Chloe 2008  ,Feminine,"3,808.00",1000ml-Inspiration From Chloe 2008  ,1000g,Fragrances
MF 20136 1Kg,1000,Inspiration From D&G Light Blue EPV  ,Masculine,"3,808.00",1000ml-Inspiration From D&G Light Blue EPV  ,1000g,Fragrances
FF 10547 1Kg,1000,Inspiration From Jasmin Mint by Jo Malone,Feminine,"3,808.00",1000ml-Inspiration From Jasmin Mint by Jo Malone,1000g,Fragrances
MF 20220 1Kg,1000,Inspiration From Lacoste Blue (Bleu)   ,Masculine,"3,808.00",1000ml-Inspiration From Lacoste Blue (Bleu)   ,1000g,Fragrances
MF 20254 1Kg,1000,Inspiration From 212 VIP  ,Masculine,"3,763.20",1000ml-Inspiration From 212 VIP  ,1000g,Fragrances
BP 10021 1Kg,1000,Inspiration From Beautiful   ,Feminine,"3,707.20",1000ml-Inspiration From Beautiful   ,1000g,Fragrances
FF 10094 1Kg,1000,Inspiration From Amber Romance  (VS) ,Feminine,"3,682.56",1000ml-Inspiration From Amber Romance  (VS) ,1000g,Fragrances
FF 10512 1Kg,1000,Inspiration From Amor Amor Forbidden Kiss  ,Feminine,"3,682.56",1000ml-Inspiration From Amor Amor Forbidden Kiss  ,1000g,Fragrances
MF 20076 1Kg,1000,Inspiration From Apparition   ,Masculine,"3,682.56",1000ml-Inspiration From Apparition   ,1000g,Fragrances
MF 20106 1Kg,1000,Inspiration From Armani Attitude   ,Masculine,"3,682.56",1000ml-Inspiration From Armani Attitude   ,1000g,Fragrances
MF 20004 1Kg,1000,Inspiration From Armani Black Code (ver Fr)   ,Masculine,"3,682.56",1000ml-Inspiration From Armani Black Code (ver Fr)   ,1000g,Fragrances
FF 10052 1Kg,1000,Inspiration From Armani Code Pour Femme (ver Fr)   ,Feminine,"3,682.56",1000ml-Inspiration From Armani Code Pour Femme (ver Fr)   ,1000g,Fragrances
BP 10039 1Kg,1000,Inspiration From Armani White   ,Feminine,"3,682.56",1000ml-Inspiration From Armani White   ,1000g,Fragrances
BB 65008 1Kg,1000,Inspiration From Baby Alizes   ,Baby,"3,682.56",1000ml-Inspiration From Baby Alizes   ,1000g,Fragrances
BB 65007 1Kg,1000,Inspiration From Baby Baby   ,Baby,"3,682.56",1000ml-Inspiration From Baby Baby   ,1000g,Fragrances
FF 10394 1Kg,1000,Inspiration From Baby Grace by Philosophy  ,Feminine,"3,682.56",1000ml-Inspiration From Baby Grace by Philosophy  ,1000g,Fragrances
BB 65011 1Kg,1000,Inspiration From Baby Willy   ,Baby,"3,682.56",1000ml-Inspiration From Baby Willy   ,1000g,Fragrances
BP 10001 1Kg,1000,Inspiration From Be Delicious Women   ,Feminine,"3,682.56",1000ml-Inspiration From Be Delicious Women   ,1000g,Fragrances
FF 10123 1Kg,1000,Inspiration From Berry Crumble   ,Feminine,"3,682.56",1000ml-Inspiration From Berry Crumble   ,1000g,Fragrances
FF 10008 1Kg,1000,Inspiration From Blu Baby   ,Feminine,"3,682.56",1000ml-Inspiration From Blu Baby   ,1000g,Fragrances
MF 20216 1Kg,1000,Inspiration From Boss Bottle Night   ,Masculine,"3,682.56",1000ml-Inspiration From Boss Bottle Night   ,1000g,Fragrances
FF 10051 1Kg,1000,Inspiration From Burberry Touch   ,Feminine,"3,682.56",1000ml-Inspiration From Burberry Touch   ,1000g,Fragrances
MF 20206 1Kg,1000,Inspiration From Chanel Bleu   ,Masculine,"3,682.56",1000ml-Inspiration From Chanel Bleu   ,1000g,Fragrances
FF 10382 1Kg,1000,Inspiration From Chopard Happy Spirit   ,Feminine,"3,682.56",1000ml-Inspiration From Chopard Happy Spirit   ,1000g,Fragrances
MF 20202 1Kg,1000,Inspiration From CK Eternity Aqua   ,Masculine,"3,682.56",1000ml-Inspiration From CK Eternity Aqua   ,1000g,Fragrances
FF 10358 1Kg,1000,Inspiration From Clean Fresh Laundry   ,Feminine,"3,682.56",1000ml-Inspiration From Clean Fresh Laundry   ,1000g,Fragrances
MF 20140 1Kg,1000,Inspiration From Cool Water Game (ver Fr)   ,Masculine,"3,682.56",1000ml-Inspiration From Cool Water Game (ver Fr)   ,1000g,Fragrances
FF 10235 1Kg,1000,Inspiration From Cool Water Wave (ver Fr)   ,Feminine,"3,682.56",1000ml-Inspiration From Cool Water Wave (ver Fr)   ,1000g,Fragrances
MF 20203 1Kg,1000,Inspiration From Davidoff Champion   ,Masculine,"3,682.56",1000ml-Inspiration From Davidoff Champion   ,1000g,Fragrances
FF 10407 1Kg,1000,Inspiration From DKNY Energizing   ,Feminine,"3,682.56",1000ml-Inspiration From DKNY Energizing   ,1000g,Fragrances
FF 10252 1Kg,1000,Inspiration From Emporio Diamond   ,Feminine,"3,682.56",1000ml-Inspiration From Emporio Diamond   ,1000g,Fragrances
FF 10021 1Kg,1000,Inspiration From Escada 2005   ,Feminine,"3,682.56",1000ml-Inspiration From Escada 2005   ,1000g,Fragrances
FF 10367 1kg,1000,Inspiration From Escada Ocean Lounge   ,Feminine,"3,682.56",1000ml-Inspiration From Escada Ocean Lounge   ,1000g,Fragrances
BP 10008 1Kg,1000,Inspiration From Escada Sentiment   ,Feminine,"3,682.56",1000ml-Inspiration From Escada Sentiment   ,1000g,Fragrances
FF 10513 1Kg,1000,Inspiration From Especially Escada  ,Feminine,"3,682.56",1000ml-Inspiration From Especially Escada  ,1000g,Fragrances
BP 10009 1Kg,1000,Inspiration From Gendarme   ,Masculine,"3,682.56",1000ml-Inspiration From Gendarme   ,1000g,Fragrances
FF 10385 1Kg,1000,Inspiration From Givenchy Naturally Chic   ,Feminine,"3,682.56",1000ml-Inspiration From Givenchy Naturally Chic   ,1000g,Fragrances
FF 10331 1Kg,1000,Inspiration From Green Irish Tweed by Acca Kappy  ,Feminine,"3,682.56",1000ml-Inspiration From Green Irish Tweed by Acca Kappy  ,1000g,Fragrances
BP 10064 1Kg,1000,Inspiration From Green Tea and Mock Orange  ,Personal Care,"3,682.56",1000ml-Inspiration From Green Tea and Mock Orange  ,1000g,Fragrances
BP 10010 1Kg,1000,Inspiration From Gucci Envy Women   ,Feminine,"3,682.56",1000ml-Inspiration From Gucci Envy Women   ,1000g,Fragrances
FF 10384 1Kg,1000,Inspiration From Gucci Guilty   ,Feminine,"3,682.56",1000ml-Inspiration From Gucci Guilty   ,1000g,Fragrances
MF 20170 1kg,1000,Inspiration From Gucci Homme  ,Masculine,"3,682.56",1000ml-Inspiration From Gucci Homme  ,1000g,Fragrances
BP 10022 1Kg,1000,Inspiration From Gucci Rush 2   ,Feminine,"3,682.56",1000ml-Inspiration From Gucci Rush 2   ,1000g,Fragrances
BP 10025 1Kg,1000,Inspiration From Hadrian Garden ,Personal Care,"3,682.56",1000ml-Inspiration From Hadrian Garden ,1000g,Fragrances
FF 10061 1Kg,1000,Inspiration From Happy (ver Fr)   ,Feminine,"3,682.56",1000ml-Inspiration From Happy (ver Fr)   ,1000g,Fragrances
FF 10024 1Kg,1000,Inspiration From Happy Heart   ,Feminine,"3,682.56",1000ml-Inspiration From Happy Heart   ,1000g,Fragrances
FF 10315 1kg,1000,Inspiration From Hippie Fizz Moschino  ,Feminine,"3,682.56",1000ml-Inspiration From Hippie Fizz Moschino  ,1000g,Fragrances
FF 10216 1Kg,1000,Inspiration From Hugo XY Royal Purple   ,Feminine,"3,682.56",1000ml-Inspiration From Hugo XY Royal Purple   ,1000g,Fragrances
FF 10029 1Kg,1000,Inspiration From Incanto Charms (ver Fr)   ,Feminine,"3,682.56",1000ml-Inspiration From Incanto Charms (ver Fr)   ,1000g,Fragrances
FF 10432 1Kg,1000,Inspiration From Incanto Heaven   ,Feminine,"3,682.56",1000ml-Inspiration From Incanto Heaven   ,1000g,Fragrances
BP 10050 1Kg,1000,Inspiration From Lacoste Cool Play ,Masculine,"3,682.56",1000ml-Inspiration From Lacoste Cool Play ,1000g,Fragrances
BP 10014 1Kg,1000,Inspiration From Lacoste Red   ,Masculine,"3,682.56",1000ml-Inspiration From Lacoste Red   ,1000g,Fragrances
BP 10049 1Kg,1000,Inspiration From Lacoste Style N Play ,Masculine,"3,682.56",1000ml-Inspiration From Lacoste Style N Play ,1000g,Fragrances
FF 10038 1Kg,1000,Inspiration From Love at 1st Glow   ,Feminine,"3,682.56",1000ml-Inspiration From Love at 1st Glow   ,1000g,Fragrances
MF 20180 1Kg,1000,Inspiration From Muschio Bianco (White Moss) by Acca Kappa   ,Masculine,"3,682.56",1000ml-Inspiration From Muschio Bianco (White Moss) by Acca Kappa   ,1000g,Fragrances
MF 20272 1Kg,1000,Inspiration From One Million Paco Rabanne  ,Masculine,"3,682.56",1000ml-Inspiration From One Million Paco Rabanne  ,1000g,Fragrances
MF 20073 1Kg,1000,Inspiration From Prada Amber   ,Masculine,"3,682.56",1000ml-Inspiration From Prada Amber   ,1000g,Fragrances
BP 10003 1Kg,1000,Inspiration From Ralph for Her   ,Feminine,"3,682.56",1000ml-Inspiration From Ralph for Her   ,1000g,Fragrances
FF 10167 1Kg,1000,Inspiration From Ralph Rocks   ,Feminine,"3,682.56",1000ml-Inspiration From Ralph Rocks   ,1000g,Fragrances
FF 10380 1Kg,1000,Inspiration From Roger & Gallet Gingembre   ,Feminine,"3,682.56",1000ml-Inspiration From Roger & Gallet Gingembre   ,1000g,Fragrances
FF 10046 1Kg,1000,Inspiration From Secret Crush  (VS) ,Feminine,"3,682.56",1000ml-Inspiration From Secret Crush  (VS) ,1000g,Fragrances
BP 10024 1Kg,1000,Inspiration From Secret Wish by Anna Sui ,Feminine,"3,682.56",1000ml-Inspiration From Secret Wish by Anna Sui ,1000g,Fragrances
FF 10404 1Kg,1000,Inspiration From Vanitas Versace   ,Feminine,"3,682.56",1000ml-Inspiration From Vanitas Versace   ,1000g,Fragrances
BP 10019 1Kg,1000,Inspiration From Bvlgari Women   ,Feminine,"3,640.00",1000ml-Inspiration From Bvlgari Women   ,1000g,Fragrances
BP 10005 1Kg,1000,Inspiration From Hugo Dark Blue   ,Masculine,"3,584.00",1000ml-Inspiration From Hugo Dark Blue   ,1000g,Fragrances
MF 20084 1Kg,1000,Inspiration From Romance   ,Masculine,"3,584.00",1000ml-Inspiration From Romance   ,1000g,Fragrances
FF 10025 1Kg,1000,Inspiration From Hugo Woman   ,Feminine,"3,494.40",1000ml-Inspiration From Hugo Woman   ,1000g,Fragrances
BP 10032 1Kg,1000,Inspiration From Issey Miyake   ,Masculine,"3,360.00",1000ml-Inspiration From Issey Miyake   ,1000g,Fragrances
MF 20041 1Kg,1000,Inspiration From 212 Carolina Herrera   ,Masculine,"3,357.76",1000ml-Inspiration From 212 Carolina Herrera   ,1000g,Fragrances
MF 20062 1Kg,1000,Inspiration From Allure Homme Sport   ,Masculine,"3,357.76",1000ml-Inspiration From Allure Homme Sport   ,1000g,Fragrances
FF 10002 1Kg,1000,Inspiration From Allure Sensuelle   ,Feminine,"3,357.76",1000ml-Inspiration From Allure Sensuelle   ,1000g,Fragrances
FF 10097 1Kg,1000,Inspiration From Amazing Grace (ver LP)   ,Feminine,"3,357.76",1000ml-Inspiration From Amazing Grace (ver LP)   ,1000g,Fragrances
MF 20003 1Kg,1000,Inspiration From Aqua di Gio (ver Fr)   ,Masculine,"3,357.76",1000ml-Inspiration From Aqua di Gio (ver Fr)   ,1000g,Fragrances
FF 10006 1Kg,1000,Inspiration From Aqua di Gio (ver Fr)   ,Feminine,"3,357.76",1000ml-Inspiration From Aqua di Gio (ver Fr)   ,1000g,Fragrances
FF 10276 1Kg,1000,Inspiration From Baby Doll   ,Feminine,"3,357.76",1000ml-Inspiration From Baby Doll   ,1000g,Fragrances
FF 10067 1Kg,1000,Inspiration From Banana Republic   ,Feminine,"3,357.76",1000ml-Inspiration From Banana Republic   ,1000g,Fragrances
MF 20009 1Kg,1000,Inspiration From Boss Edition Green ,Masculine,"3,357.76",1000ml-Inspiration From Boss Edition Green ,1000g,Fragrances
MF 20052 1Kg,1000,Inspiration From Boss in Motion 3 ,Masculine,"3,357.76",1000ml-Inspiration From Boss in Motion 3 ,1000g,Fragrances
MF 20012 1Kg,1000,Inspiration From Boss Selection   ,Masculine,"3,357.76",1000ml-Inspiration From Boss Selection   ,1000g,Fragrances
FF 10009 1Kg,1000,Inspiration From Burberry Brit Gold   ,Feminine,"3,357.76",1000ml-Inspiration From Burberry Brit Gold   ,1000g,Fragrances
MF 20099 1Kg,1000,Inspiration From Bvl Black Good   ,Masculine,"3,357.76",1000ml-Inspiration From Bvl Black Good   ,1000g,Fragrances
FF 10234 1Kg,1000,Inspiration From Bvlgari Blue Tpye  ,Feminine,"3,357.76",1000ml-Inspiration From Bvlgari Blue Tpye  ,1000g,Fragrances
FF 10166 1Kg,1000,Inspiration From Bvlgari White Tea   ,Feminine,"3,357.76",1000ml-Inspiration From Bvlgari White Tea   ,1000g,Fragrances
FF 10478 1Kg,1000,Inspiration From Candy by Prada  ,Feminine,"3,357.76",1000ml-Inspiration From Candy by Prada  ,1000g,Fragrances
FF 10109 1Kg,1000,Inspiration From Chiffon Sorbet   ,Feminine,"3,357.76",1000ml-Inspiration From Chiffon Sorbet   ,1000g,Fragrances
HH 73025 1Kg,1000,Inspiration From Christmas Apple Pie ,Gourmand,"3,357.76",1000ml-Inspiration From Christmas Apple Pie ,1000g,Fragrances
MF 20096 1Kg,1000,Inspiration From Chrome   ,Masculine,"3,357.76",1000ml-Inspiration From Chrome   ,1000g,Fragrances
BP 10028 1Kg,1000,Inspiration From Citrus Basil   ,Personal Care,"3,357.76",1000ml-Inspiration From Citrus Basil   ,1000g,Fragrances
MF 20036 1kg,1000,Inspiration From CK Obsession Night  ,Masculine,"3,357.76",1000ml-Inspiration From CK Obsession Night  ,1000g,Fragrances
MF 20244 1Kg,1000,Inspiration From CK One Shock  ,Masculine,"3,357.76",1000ml-Inspiration From CK One Shock  ,1000g,Fragrances
MF 20020 1Kg,1000,Inspiration From CK One Summer (ver Fr)   ,Masculine,"3,357.76",1000ml-Inspiration From CK One Summer (ver Fr)   ,1000g,Fragrances
MF 20060 1Kg,1000,Inspiration From Clean Cologne Men   ,Masculine,"3,357.76",1000ml-Inspiration From Clean Cologne Men   ,1000g,Fragrances
HS 80005 1Kg,1000,Inspiration From Clean Soap   ,Personal Care,"3,357.76",1000ml-Inspiration From Clean Soap   ,1000g,Fragrances
FF 10010 1Kg,1000,Inspiration From Clean Ultimate   ,Feminine,"3,357.76",1000ml-Inspiration From Clean Ultimate   ,1000g,Fragrances
MF 20021 1Kg,1000,Inspiration From Cool Water (ver Fr)   ,Masculine,"3,357.76",1000ml-Inspiration From Cool Water (ver Fr)   ,1000g,Fragrances
FF 10012 1Kg,1000,Inspiration From Cool Water (ver Fr)   ,Feminine,"3,357.76",1000ml-Inspiration From Cool Water (ver Fr)   ,1000g,Fragrances
FF 10013 1Kg,1000,Inspiration From Cotton Blossom   ,Feminine,"3,357.76",1000ml-Inspiration From Cotton Blossom   ,1000g,Fragrances
BP 10029 1Kg,1000,Inspiration From Cucumber Dream   ,Personal Care,"3,357.76",1000ml-Inspiration From Cucumber Dream   ,1000g,Fragrances
FF 10014 1Kg,1000,Inspiration From Curious   ,Feminine,"3,357.76",1000ml-Inspiration From Curious   ,1000g,Fragrances
MF 20259 1Kg,1000,Inspiration From D&G The One Sport  ,Masculine,"3,357.76",1000ml-Inspiration From D&G The One Sport  ,1000g,Fragrances
FF 10125 1Kg,1000,Inspiration From DG The One   ,Feminine,"3,357.76",1000ml-Inspiration From DG The One   ,1000g,Fragrances
FF 10018 1Kg,1000,Inspiration From Dior Addict 2   ,Feminine,"3,357.76",1000ml-Inspiration From Dior Addict 2   ,1000g,Fragrances
BP 10040 1Kg,1000,Inspiration From Drakkar  ,Masculine,"3,357.76",1000ml-Inspiration From Drakkar  ,1000g,Fragrances
MF 20025 1Kg,1000,Inspiration From Dunhill Fresh (ver Fr)   ,Masculine,"3,357.76",1000ml-Inspiration From Dunhill Fresh (ver Fr)   ,1000g,Fragrances
MF 20144 1Kg,1000,Inspiration From Dunhill Pursuit   ,Masculine,"3,357.76",1000ml-Inspiration From Dunhill Pursuit   ,1000g,Fragrances
MF 20043 1Kg,1000,Inspiration From Emporio Him   ,Masculine,"3,357.76",1000ml-Inspiration From Emporio Him   ,1000g,Fragrances
BP 10041 1Kg,1000,Inspiration From Endless Love  ,Feminine,"3,357.76",1000ml-Inspiration From Endless Love  ,1000g,Fragrances
FF 10368 1kg,1000,Inspiration From Escada Marine Groove   ,Feminine,"3,357.76",1000ml-Inspiration From Escada Marine Groove   ,1000g,Fragrances
BP 10036 1Kg,1000,Inspiration From Escape   ,Feminine,"3,357.76",1000ml-Inspiration From Escape   ,1000g,Fragrances
FF 10285 1Kg,1000,Inspiration From Eternity Summer (ver Fr)   ,Feminine,"3,357.76",1000ml-Inspiration From Eternity Summer (ver Fr)   ,1000g,Fragrances
LO 50018 1Kg,1000,Inspiration From Eucaplyptus Premium   ,Natural,"3,357.76",1000ml-Inspiration From Eucaplyptus Premium   ,1000g,Fragrances
FF 10022 1Kg,1000,Inspiration From Euphoria Blossom   ,Feminine,"3,357.76",1000ml-Inspiration From Euphoria Blossom   ,1000g,Fragrances
BP 10013 1Kg,1000,Inspiration From Farenheit   ,Masculine,"3,357.76",1000ml-Inspiration From Farenheit   ,1000g,Fragrances
MF 20171 1kg,1000,Inspiration From Ferrari Black  ,Masculine,"3,357.76",1000ml-Inspiration From Ferrari Black  ,1000g,Fragrances
BP 10030 1Kg,1000,Inspiration From Ginger Essence   ,Personal Care,"3,357.76",1000ml-Inspiration From Ginger Essence   ,1000g,Fragrances
BP 10062 1Kg,1000,Inspiration From Green Tea by EA ,Feminine,"3,357.76",1000ml-Inspiration From Green Tea by EA ,1000g,Fragrances
FF 10057 1Kg,1000,Inspiration From Guess Woman (ver Fr)   ,Feminine,"3,357.76",1000ml-Inspiration From Guess Woman (ver Fr)   ,1000g,Fragrances
FF 10054 1Kg,1000,Inspiration From Happy In Bloom   ,Feminine,"3,357.76",1000ml-Inspiration From Happy In Bloom   ,1000g,Fragrances
FF 10379 1Kg,1000,Inspiration From Hermes Eau de Pamplemousse Rose   ,Feminine,"3,357.76",1000ml-Inspiration From Hermes Eau de Pamplemousse Rose   ,1000g,Fragrances
FF 10193 1Kg,1000,Inspiration From Honeydew Melon (ver Fr)   ,Feminine,"3,357.76",1000ml-Inspiration From Honeydew Melon (ver Fr)   ,1000g,Fragrances
MF 20030 1Kg,1000,Inspiration From Hugo Energize   ,Masculine,"3,357.76",1000ml-Inspiration From Hugo Energize   ,1000g,Fragrances
FF 10076 1Kg,1000,Inspiration From Hugo Femme (ver LP)   ,Feminine,"3,357.76",1000ml-Inspiration From Hugo Femme (ver LP)   ,1000g,Fragrances
FF 10028 1Kg,1000,Inspiration From I Love Love   ,Feminine,"3,357.76",1000ml-Inspiration From I Love Love   ,1000g,Fragrances
FF 10031 1Kg,1000,Inspiration From Incanto Dreams   ,Feminine,"3,357.76",1000ml-Inspiration From Incanto Dreams   ,1000g,Fragrances
FF 10255 1Kg,1000,Inspiration From Incanto Shine   ,Feminine,"3,357.76",1000ml-Inspiration From Incanto Shine   ,1000g,Fragrances
FF 10073 1Kg,1000,Inspiration From Japanese Cherry Blossom (ver Fr)   ,Feminine,"3,357.76",1000ml-Inspiration From Japanese Cherry Blossom (ver Fr)   ,1000g,Fragrances
BP 10066 1Kg,1000,Inspiration From Jo Malone Verbena ,Feminine,"3,357.76",1000ml-Inspiration From Jo Malone Verbena ,1000g,Fragrances
MF 20077 1Kg,1000,Inspiration From Kenneth Cole Black   ,Masculine,"3,357.76",1000ml-Inspiration From Kenneth Cole Black   ,1000g,Fragrances
MF 20050 1Kg,1000,Inspiration From Kenneth Cole Signature   ,Masculine,"3,357.76",1000ml-Inspiration From Kenneth Cole Signature   ,1000g,Fragrances
FF 10032 1Kg,1000,Inspiration From Kenzo (ver Fr)   ,Feminine,"3,357.76",1000ml-Inspiration From Kenzo (ver Fr)   ,1000g,Fragrances
FF 10037 1Kg,1000,Inspiration From L'Occitane Rosemary   ,Feminine,"3,357.76",1000ml-Inspiration From L'Occitane Rosemary   ,1000g,Fragrances
MF 20078 1Kg,1000,Inspiration From Lacoste Essential   ,Masculine,"3,357.76",1000ml-Inspiration From Lacoste Essential   ,1000g,Fragrances
FF 10102 1Kg,1000,Inspiration From Lacoste Inspiration   ,Feminine,"3,357.76",1000ml-Inspiration From Lacoste Inspiration   ,1000g,Fragrances
BP 10034 1Kg,1000,Inspiration From Lacoste Men   ,Masculine,"3,357.76",1000ml-Inspiration From Lacoste Men   ,1000g,Fragrances
MF 20282 1Kg,1000,Inspiration From Lacoste Red,Masculine,"3,357.76",1000ml-Inspiration From Lacoste Red,1000g,Fragrances
SC 95008 1Kg,1000,Inspiration From Lavander Facial ,Natural,"3,357.76",1000ml-Inspiration From Lavander Facial ,1000g,Fragrances
FF 10122 1Kg,1000,Inspiration From Lemon Meringue Vanilla   ,Feminine,"3,357.76",1000ml-Inspiration From Lemon Meringue Vanilla   ,1000g,Fragrances
FF 10036 1Kg,1000,Inspiration From Live (ver Fr)   ,Feminine,"3,357.76",1000ml-Inspiration From Live (ver Fr)   ,1000g,Fragrances
BP 10031 1Kg,1000,Inspiration From Love Spell   ,Feminine,"3,357.76",1000ml-Inspiration From Love Spell   ,1000g,Fragrances
BP 10015 1Kg,1000,Inspiration From Lovely SJP   ,Feminine,"3,357.76",1000ml-Inspiration From Lovely SJP   ,1000g,Fragrances
FF 10481 1Kg,1000,Inspiration From Loverdose by Diesel  ,Feminine,"3,357.76",1000ml-Inspiration From Loverdose by Diesel  ,1000g,Fragrances
BP 10038 1Kg,1000,Inspiration From Milkbath  ,Personal Care,"3,357.76",1000ml-Inspiration From Milkbath  ,1000g,Fragrances
FF 10087 1Kg,1000,Inspiration From Nina   ,Feminine,"3,357.76",1000ml-Inspiration From Nina   ,1000g,Fragrances
BA 90005 1Kg,1000,Inspiration From Olive and Milk   ,Personal Care,"3,357.76",1000ml-Inspiration From Olive and Milk   ,1000g,Fragrances
FF 10041 1Kg,1000,Inspiration From Pacific Paradise   ,Feminine,"3,357.76",1000ml-Inspiration From Pacific Paradise   ,1000g,Fragrances
SH 30026 1Kg,1000,Inspiration From Patagonie   ,Personal Care,"3,357.76",1000ml-Inspiration From Patagonie   ,1000g,Fragrances
BP 10052 1Kg,1000,Inspiration From Pear Glace  ,Feminine,"3,357.76",1000ml-Inspiration From Pear Glace  ,1000g,Fragrances
BP 10042 1Kg,1000,Inspiration From Perry Ellis  ,Masculine,"3,357.76",1000ml-Inspiration From Perry Ellis  ,1000g,Fragrances
FF 10078 1Kg,1000,Inspiration From Pink Grapefruit (Substantive )  ,Feminine,"3,357.76",1000ml-Inspiration From Pink Grapefruit (Substantive )  ,1000g,Fragrances
FF 10230 1Kg,1000,Inspiration From Pink Love   ,Feminine,"3,357.76",1000ml-Inspiration From Pink Love   ,1000g,Fragrances
MF 20047 1Kg,1000,Inspiration From Pleasures (ver Fr)   ,Masculine,"3,357.76",1000ml-Inspiration From Pleasures (ver Fr)   ,1000g,Fragrances
FF10397 1Kg,1000,Inspiration From Poison by Dior  ,Feminine,"3,357.76",1000ml-Inspiration From Poison by Dior  ,1000g,Fragrances
MF 20040 1Kg,1000,Inspiration From Polo Black   ,Masculine,"3,357.76",1000ml-Inspiration From Polo Black   ,1000g,Fragrances
BP 10016 1Kg,1000,Inspiration From Polo Blue   ,Masculine,"3,357.76",1000ml-Inspiration From Polo Blue   ,1000g,Fragrances
MF 20127 1Kg,1000,Inspiration From Polo Explorer   ,Masculine,"3,357.76",1000ml-Inspiration From Polo Explorer   ,1000g,Fragrances
MF 20037 1Kg,1000,Inspiration From Polo Sport (ver Fr)   ,Masculine,"3,357.76",1000ml-Inspiration From Polo Sport (ver Fr)   ,1000g,Fragrances
FF 10042 1Kg,1000,Inspiration From Polo Sport (ver Fr)   ,Feminine,"3,357.76",1000ml-Inspiration From Polo Sport (ver Fr)   ,1000g,Fragrances
FF 10488 1Kg,1000,Inspiration From Prada Infusion Iris  ,Feminine,"3,357.76",1000ml-Inspiration From Prada Infusion Iris  ,1000g,Fragrances
FF 10121 1Kg,1000,Inspiration From Ralph Lauren Blue  ,Feminine,"3,357.76",1000ml-Inspiration From Ralph Lauren Blue  ,1000g,Fragrances
HS 80009 1Kg,1000,Inspiration From Ralph with Sampaguita   ,Personal Care,"3,357.76",1000ml-Inspiration From Ralph with Sampaguita   ,1000g,Fragrances
MF 20011 1Kg,1000,Inspiration From Reaction   ,Masculine,"3,357.76",1000ml-Inspiration From Reaction   ,1000g,Fragrances
FF 10065 1Kg,1000,Inspiration From Reaction   ,Feminine,"3,357.76",1000ml-Inspiration From Reaction   ,1000g,Fragrances
FF 10044 1Kg,1000,Inspiration From Romantic Wish  (VS) ,Feminine,"3,357.76",1000ml-Inspiration From Romantic Wish  (VS) ,1000g,Fragrances
FF 10045 1Kg,1000,Inspiration From Sage & Ginseng   ,Feminine,"3,357.76",1000ml-Inspiration From Sage & Ginseng   ,1000g,Fragrances
FF 10048 1Kg,1000,Inspiration From Springflower   ,Feminine,"3,357.76",1000ml-Inspiration From Springflower   ,1000g,Fragrances
FF 10095 1Kg,1000,Inspiration From Strawberry and Champagne   ,Feminine,"3,357.76",1000ml-Inspiration From Strawberry and Champagne   ,1000g,Fragrances
SG 40016 1kg,1000,Inspiration From Sunripened Raspbery  ,Gourmand,"3,357.76",1000ml-Inspiration From Sunripened Raspbery  ,1000g,Fragrances
BP 10017 1Kg,1000,Inspiration From Sweet Pea   ,Personal Care,"3,357.76",1000ml-Inspiration From Sweet Pea   ,1000g,Fragrances
BP 10033 1Kg,1000,Inspiration From Sweet Temptation   ,Feminine,"3,357.76",1000ml-Inspiration From Sweet Temptation   ,1000g,Fragrances
LO 50041 1Kg,1000,Inspiration From Tangerine Orange ,Gourmand,"3,357.76",1000ml-Inspiration From Tangerine Orange ,1000g,Fragrances
BP 10059 1Kg,1000,Inspiration From Tartaine Et Chocolate  ,Baby,"3,357.76",1000ml-Inspiration From Tartaine Et Chocolate  ,1000g,Fragrances
BB 650691Kg,1000,Inspiration From Tartin Et Chocolat   ,Baby,"3,357.76",1000ml-Inspiration From Tartin Et Chocolat   ,1000g,Fragrances
FF 10393 1Kg,1000,Inspiration From Tease by Paris Hilton  ,Feminine,"3,357.76",1000ml-Inspiration From Tease by Paris Hilton  ,1000g,Fragrances
MF 20044 1Kg,1000,Inspiration From Tommy Boy   ,Masculine,"3,357.76",1000ml-Inspiration From Tommy Boy   ,1000g,Fragrances
FF 10049 1Kg,1000,Inspiration From Touch of Pink (ver Fr)   ,Feminine,"3,357.76",1000ml-Inspiration From Touch of Pink (ver Fr)   ,1000g,Fragrances
FF 10148 1Kg,1000,Inspiration From Vanilla Extreme   ,Feminine,"3,357.76",1000ml-Inspiration From Vanilla Extreme   ,1000g,Fragrances
FF 10428 1Kg,1000,Inspiration From VS Pink   ,Feminine,"3,357.76",1000ml-Inspiration From VS Pink   ,1000g,Fragrances
FF 10063 1Kg,1000,Inspiration From Weekend   ,Feminine,"3,357.76",1000ml-Inspiration From Weekend   ,1000g,Fragrances
BP 10037 1Kg,1000,Inspiration From White Tea and Cranberry ,Personal Care,"3,357.76",1000ml-Inspiration From White Tea and Cranberry ,1000g,Fragrances
LO 50019 1Kg,1000,Inspiration From Witch Hazel   ,Natural,"3,357.76",1000ml-Inspiration From Witch Hazel   ,1000g,Fragrances
FF 10187 1Kg,1000,Inspiration From DG Light Blue (ver BP)   ,Feminine,"3,346.56",1000ml-Inspiration From DG Light Blue (ver BP)   ,1000g,Fragrances
MF 20246 1Kg,1000,Inspiration From D&G Light Blue Men  ,Masculine,"3,248.00",1000ml-Inspiration From D&G Light Blue Men  ,1000g,Fragrances
FF 10482 1Kg,1000,Inspiration From CK One Shock for Her  ,Feminine,"3,136.00",1000ml-Inspiration From CK One Shock for Her  ,1000g,Fragrances
BP 10011 1Kg,1000,Inspiration From Dewberry   ,Personal Care,"3,136.00",1000ml-Inspiration From Dewberry   ,1000g,Fragrances
FF 10486 1Kg,1000,Inspiration From Fantasy by Britney Spears  ,Feminine,"3,136.00",1000ml-Inspiration From Fantasy by Britney Spears  ,1000g,Fragrances
FF 10490 1Kg,1000,Inspiration From Lime Basil Mandarin by Jo Malone  ,Feminine,"3,136.00",1000ml-Inspiration From Lime Basil Mandarin by Jo Malone  ,1000g,Fragrances
FF 10477 1Kg,1000,Inspiration From Paris Hilton by Paris Hilton  ,Feminine,"3,136.00",1000ml-Inspiration From Paris Hilton by Paris Hilton  ,1000g,Fragrances
FF 10417 1Kg,1000,Inspiration From DKNY Red Delicious  ,Feminine,"3,024.00",1000ml-Inspiration From DKNY Red Delicious  ,1000g,Fragrances
FF 10519 1Kg,1000,Inspiration From Un Jardin Sul Le Toit Hermes  ,Feminine,"3,024.00",1000ml-Inspiration From Un Jardin Sul Le Toit Hermes  ,1000g,Fragrances
MF 20129 1Kg,1000,Inspiration From Lacoste Elegance   ,Masculine,"2,912.00",1000ml-Inspiration From Lacoste Elegance   ,1000g,Fragrances
BP 10007 1Kg,1000,Inspiration From Tommy Girl   ,Feminine,"2,856.00",1000ml-Inspiration From Tommy Girl   ,1000g,Fragrances
FF 10203 1Kg,1000,Inspiration From Vanilla & Blueberry   ,Feminine,"2,856.00",1000ml-Inspiration From Vanilla & Blueberry   ,1000g,Fragrances
LO 50053 1Kg,1000,Inspiration From Almond  ,Gourmand,"2,800.00",1000ml-Inspiration From Almond  ,1000g,Fragrances
LO 50001 1Kg,1000,Inspiration From Aloe Vera Coconut   ,Personal Care,"2,800.00",1000ml-Inspiration From Aloe Vera Coconut   ,1000g,Fragrances
FF 10062 1Kg,1000,Inspiration From Aqua Allegoria Grosellina   ,Feminine,"2,800.00",1000ml-Inspiration From Aqua Allegoria Grosellina   ,1000g,Fragrances
BB 65002 1Kg,1000,Inspiration From Baby Klory   ,Baby,"2,800.00",1000ml-Inspiration From Baby Klory   ,1000g,Fragrances
FF 10178 1Kg,1000,Inspiration From Burberry Summer  ,Feminine,"2,800.00",1000ml-Inspiration From Burberry Summer  ,1000g,Fragrances
FF 10082 1Kg,1000,Inspiration From Chocolate Frosting   ,Feminine,"2,800.00",1000ml-Inspiration From Chocolate Frosting   ,1000g,Fragrances
LO 50077 1Kg,1000,Inspiration From Coconut Lime   ,Gourmand,"2,800.00",1000ml-Inspiration From Coconut Lime   ,1000g,Fragrances
MF 20196 1Kg,1000,Inspiration From D&G The One Men (ver Fr)   ,Masculine,"2,800.00",1000ml-Inspiration From D&G The One Men (ver Fr)   ,1000g,Fragrances
MF 20024 1Kg,1000,Inspiration From Dunhill Desire Blue (ver Fr)   ,Masculine,"2,800.00",1000ml-Inspiration From Dunhill Desire Blue (ver Fr)   ,1000g,Fragrances
LO 50005 1Kg,1000,Inspiration From Frog Creation   ,Personal Care,"2,800.00",1000ml-Inspiration From Frog Creation   ,1000g,Fragrances
SC 95001 1Kg,1000,Inspiration From Green Tea 0625158   ,Natural,"2,800.00",1000ml-Inspiration From Green Tea 0625158   ,1000g,Fragrances
BP 10006 1Kg,1000,Inspiration From Issey Miyake   ,Feminine,"2,800.00",1000ml-Inspiration From Issey Miyake   ,1000g,Fragrances
CA 75093 1Kg,1000,Inspiration From Lemongrass 0627938   ,Natural,"2,800.00",1000ml-Inspiration From Lemongrass 0627938   ,1000g,Fragrances
HS 80046 1Kg,1000,Inspiration From Melon Milk   ,Gourmand,"2,800.00",1000ml-Inspiration From Melon Milk   ,1000g,Fragrances
HS 80045 1Kg,1000,Inspiration From Melon Slice (ver Fr)   ,Gourmand,"2,800.00",1000ml-Inspiration From Melon Slice (ver Fr)   ,1000g,Fragrances
HS 80024 1Kg,1000,Inspiration From Milky Scents   ,Personal Care,"2,800.00",1000ml-Inspiration From Milky Scents   ,1000g,Fragrances
BP 10020 1Kg,1000,Inspiration From Pleasure Women   ,Feminine,"2,800.00",1000ml-Inspiration From Pleasure Women   ,1000g,Fragrances
BP 10026 1Kg,1000,Inspiration From Romance Women  ,Feminine,"2,800.00",1000ml-Inspiration From Romance Women  ,1000g,Fragrances
FF 10079 1Kg,1000,Inspiration From Sensual Amber   ,Feminine,"2,800.00",1000ml-Inspiration From Sensual Amber   ,1000g,Fragrances
FF 10111 1Kg,1000,Inspiration From Sexy Graffiti by Escada  ,Feminine,"2,800.00",1000ml-Inspiration From Sexy Graffiti by Escada  ,1000g,Fragrances
FF 10084 1Kg,1000,Inspiration From Strawberry Ice Cream   ,Feminine,"2,800.00",1000ml-Inspiration From Strawberry Ice Cream   ,1000g,Fragrances
BP 10058 1Kg,1000,Inspiration From Sweet Honesty   ,Feminine,"2,800.00",1000ml-Inspiration From Sweet Honesty   ,1000g,Fragrances
FF 10050 1Kg,1000,Inspiration From Touch of Sun   ,Feminine,"2,800.00",1000ml-Inspiration From Touch of Sun   ,1000g,Fragrances
FF 10080 1Kg,1000,Inspiration From Vanilla Cake   ,Feminine,"2,800.00",1000ml-Inspiration From Vanilla Cake   ,1000g,Fragrances
FF 10325 500g,500,Inspiration From Butterfly by Hanae Mori   ,Feminine,"2,737.28",500ml-Inspiration From Butterfly by Hanae Mori   ,500g,Fragrances
FF 10175 1Kg,1000,Inspiration From Rock n Rose  ,Feminine,"2,720.00",1000ml-Inspiration From Rock n Rose  ,1000g,Fragrances
MF 20125,1000,Inspiration From Bulgari Extreme  ,Masculine,"2,710.00",1000ml-Inspiration From Bulgari Extreme  ,1000g,Fragrances
FF 10314 1Kg,1000,Inspiration From Bvlgari Jasmin Noir ,Feminine,"2,700.00",1000ml-Inspiration From Bvlgari Jasmin Noir ,1000g,Fragrances
FF 10444,1000,Inspiration From Incanto Charms New  ,Feminine,"2,700.00",1000ml-Inspiration From Incanto Charms New  ,1000g,Fragrances
BA 90009 1Kg,1000,Inspiration From Lavander Premium   ,Natural,"2,674.56",1000ml-Inspiration From Lavander Premium   ,1000g,Fragrances
MF 20194 1Kg,1000,Inspiration From Presence Cool Homme,Masculine,"2,500.00",1000ml-Inspiration From Presence Cool Homme,1000g,Fragrances
CA 75022 1Kg,1000,Inspiration From Chirstmas Tree ,Natural,"2,464.00",1000ml-Inspiration From Chirstmas Tree ,1000g,Fragrances
FF 10236 1Kg,1000,Inspiration From Fresh Cucumber  ,Feminine,"2,464.00",1000ml-Inspiration From Fresh Cucumber  ,1000g,Fragrances
BP 10047 1Kg,1000,Inspiration From Body Shop Olive Oil  ,Personal Care,"2,450.56",1000ml-Inspiration From Body Shop Olive Oil  ,1000g,Fragrances
FF 10405 500g,500,Inspiration From Parisienne A L'Extreme   ,Feminine,"2,401.28",500ml-Inspiration From Parisienne A L'Extreme   ,500g,Fragrances
FF 10098 500g,500,Inspiration From Pure Grace  ,Feminine,"2,401.28",500ml-Inspiration From Pure Grace  ,500g,Fragrances
MF 20208 1Kg,1000,Inspiration From Adidas Classic  ,Masculine,"2,352.00",1000ml-Inspiration From Adidas Classic  ,1000g,Fragrances
HS 80001 1Kg,1000,Inspiration From Apple Melon ,Gourmand,"2,352.00",1000ml-Inspiration From Apple Melon ,1000g,Fragrances
MF 20046 1Kg,1000,Inspiration From Armani Mania New  ,Masculine,"2,352.00",1000ml-Inspiration From Armani Mania New  ,1000g,Fragrances
MF 20006 1Kg,1000,Inspiration From Armani Night (ver Fr)   ,Masculine,"2,352.00",1000ml-Inspiration From Armani Night (ver Fr)   ,1000g,Fragrances
MF 20007 1Kg,1000,Inspiration From Az Men   ,Masculine,"2,352.00",1000ml-Inspiration From Az Men   ,1000g,Fragrances
FF 10007 1Kg,1000,Inspiration From Be Delicious  ,Feminine,"2,352.00",1000ml-Inspiration From Be Delicious  ,1000g,Fragrances
FF 10213 1Kg,1000,Inspiration From Blackcurrant   ,Feminine,"2,352.00",1000ml-Inspiration From Blackcurrant   ,1000g,Fragrances
FF 10088 1Kg,1000,Inspiration From Burberry London   ,Feminine,"2,352.00",1000ml-Inspiration From Burberry London   ,1000g,Fragrances
MF 20086 1Kg,1000,Inspiration From Bvl Extreme (ver Trendy)   ,Masculine,"2,352.00",1000ml-Inspiration From Bvl Extreme (ver Trendy)   ,1000g,Fragrances
MF 20081 1Kg,1000,Inspiration From Del Mar Baldessarini   ,Masculine,"2,352.00",1000ml-Inspiration From Del Mar Baldessarini   ,1000g,Fragrances
HS 80010 1Kg,1000,Inspiration From Dove   ,Personal Care,"2,352.00",1000ml-Inspiration From Dove   ,1000g,Fragrances
SG 40002 1Kg,1000,Inspiration From Exotic Trip   ,Personal Care,"2,352.00",1000ml-Inspiration From Exotic Trip   ,1000g,Fragrances
SG 40035 1Kg,1000,Inspiration From Greedy Peony   ,Personal Care,"2,352.00",1000ml-Inspiration From Greedy Peony   ,1000g,Fragrances
HS 80008 1Kg,1000,Inspiration From Honey Vea   ,Personal Care,"2,352.00",1000ml-Inspiration From Honey Vea   ,1000g,Fragrances
FF 10026 1Kg,1000,Inspiration From Hypnose   ,Feminine,"2,352.00",1000ml-Inspiration From Hypnose   ,1000g,Fragrances
FF 10237 1Kg,1000,Inspiration From Island Cotton   ,Feminine,"2,352.00",1000ml-Inspiration From Island Cotton   ,1000g,Fragrances
MF 20072 1Kg,1000,Inspiration From L'Homme   ,Masculine,"2,352.00",1000ml-Inspiration From L'Homme   ,1000g,Fragrances
CA 75066 1Kg,1000,Inspiration From Lavander,Natural,"2,352.00",1000ml-Inspiration From Lavander,1000g,Fragrances
RS 70051 1Kg,1000,Inspiration From Lavander LPV  ,Natural,"2,352.00",1000ml-Inspiration From Lavander LPV  ,1000g,Fragrances
FF 10103 1Kg,1000,Inspiration From Lovely Prysm Fancy   ,Feminine,"2,352.00",1000ml-Inspiration From Lovely Prysm Fancy   ,1000g,Fragrances
MF 20061 1Kg,1000,Inspiration From Manes   ,Masculine,"2,352.00",1000ml-Inspiration From Manes   ,1000g,Fragrances
HG 60003 1Kg,1000,Inspiration From Mango   ,Gourmand,"2,352.00",1000ml-Inspiration From Mango   ,1000g,Fragrances
HG 60004 1Kg,1000,Inspiration From Papaya   ,Gourmand,"2,352.00",1000ml-Inspiration From Papaya   ,1000g,Fragrances
MF 20038 1Kg,1000,Inspiration From Sculpture Homme   ,Masculine,"2,352.00",1000ml-Inspiration From Sculpture Homme   ,1000g,Fragrances
SG 40009 1Kg,1000,Inspiration From Softness   ,Personal Care,"2,352.00",1000ml-Inspiration From Softness   ,1000g,Fragrances
SH 30035 1Kg,1000,Inspiration From Sweet Tea   ,Personal Care,"2,352.00",1000ml-Inspiration From Sweet Tea   ,1000g,Fragrances
LO 50079 1Kg,1000,Inspiration From Tropical Passion   ,Gourmand,"2,352.00",1000ml-Inspiration From Tropical Passion   ,1000g,Fragrances
LO 50008 1Kg,1000,Inspiration From Wild Bay   ,Personal Care,"2,352.00",1000ml-Inspiration From Wild Bay   ,1000g,Fragrances
FF 10458 1Kg,1000,Inspiration From CK One Summer 2011  ,Feminine,"2,300.00",1000ml-Inspiration From CK One Summer 2011  ,1000g,Fragrances
CA 75073 1Kg,1000,Inspiration From Cucumber Melon,Personal Care,"2,300.00",1000ml-Inspiration From Cucumber Melon,1000g,Fragrances
MF 20167 1Kg,1000,Inspiration From Hugo Boss Men  B ,Masculine,"2,300.00",1000ml-Inspiration From Hugo Boss Men  B ,1000g,Fragrances
BP 10048 1Kg,1000,Inspiration From Peppermint  ,Personal Care,"2,284.80",1000ml-Inspiration From Peppermint  ,1000g,Fragrances
FF 10090 500g,500,Inspiration From Hugo Femme (ver Sub)   ,Feminine,"2,238.88",500ml-Inspiration From Hugo Femme (ver Sub)   ,500g,Fragrances
MF 20126 500g,500,Inspiration From Weekend (ver Fr)   ,Masculine,"2,177.28",500ml-Inspiration From Weekend (ver Fr)   ,500g,Fragrances
BP 10035 500g,500,Inspiration From Kenzo Flower   ,Feminine,"2,156.00",500ml-Inspiration From Kenzo Flower   ,500g,Fragrances
MF 20128 1Kg,1000,Inspiration From Calvin Klein 2007,Masculine,"2,150.00",1000ml-Inspiration From Calvin Klein 2007,1000g,Fragrances
MF 20162 500g,500,Inspiration From Aqua Bvlgari Men ,Masculine,"2,128.00",500ml-Inspiration From Aqua Bvlgari Men ,500g,Fragrances
FF 10297 500g,500,Inspiration From Baby Tous   ,Feminine,"2,128.00",500ml-Inspiration From Baby Tous   ,500g,Fragrances
MF 20184 500g,500,Inspiration From BaldessariniStrictly Private   ,Masculine,"2,128.00",500ml-Inspiration From BaldessariniStrictly Private   ,500g,Fragrances
FF 10406 500g,500,Inspiration From Be Delicious Night DKNY   ,Feminine,"2,128.00",500ml-Inspiration From Be Delicious Night DKNY   ,500g,Fragrances
MF 20251 500g,500,Inspiration From Black XS L'Excess  ,Masculine,"2,128.00",500ml-Inspiration From Black XS L'Excess  ,500g,Fragrances
MF 20199 500g,1000,Inspiration From Burberry Sport   ,Masculine,"2,128.00",1000ml-Inspiration From Burberry Sport   ,1000g,Fragrances
FF 10517 500g,500,Inspiration From Chanel Chance  ,Feminine,"2,128.00",500ml-Inspiration From Chanel Chance  ,500g,Fragrances
MF 20200 500g,1000,Inspiration From Cool Water Ice Fresh   ,Masculine,"2,128.00",1000ml-Inspiration From Cool Water Ice Fresh   ,1000g,Fragrances
FF 10310 500g,500,Inspiration From Dream of Pink   ,Feminine,"2,128.00",500ml-Inspiration From Dream of Pink   ,500g,Fragrances
FF 10309 500g,500,Inspiration From Eau de Hermes   ,Feminine,"2,128.00",500ml-Inspiration From Eau de Hermes   ,500g,Fragrances
MF 20215 500g,500,Inspiration From Gucci Guilty   ,Masculine,"2,128.00",500ml-Inspiration From Gucci Guilty   ,500g,Fragrances
MF 20160 500g,500,Inspiration From Jovan Musk   ,Masculine,"2,128.00",500ml-Inspiration From Jovan Musk   ,500g,Fragrances
MF 20243 500g,500,Inspiration From L'Homme Libre by YSL  ,Masculine,"2,128.00",500ml-Inspiration From L'Homme Libre by YSL  ,500g,Fragrances
MF 20175 500g,500,Inspiration From Lacoste Challenge   ,Masculine,"2,128.00",500ml-Inspiration From Lacoste Challenge   ,500g,Fragrances
MF 20219 500g,500,Inspiration From Lacoste Green (Vert)   ,Masculine,"2,128.00",500ml-Inspiration From Lacoste Green (Vert)   ,500g,Fragrances
MF 20225 500g,500,Inspiration From Lacoste White (Blanc)   ,Masculine,"2,128.00",500ml-Inspiration From Lacoste White (Blanc)   ,500g,Fragrances
FF 10376 500g,1000,Inspiration From Le Paradis De Nina   ,Feminine,"2,128.00",1000ml-Inspiration From Le Paradis De Nina   ,1000g,Fragrances
FF 10300 500g,500,Inspiration From Moonsparkle   ,Feminine,"2,128.00",500ml-Inspiration From Moonsparkle   ,500g,Fragrances
MF 20137 500g,500,Inspiration From Polo Double Black   ,Masculine,"2,128.00",500ml-Inspiration From Polo Double Black   ,500g,Fragrances
FF 10293 500g,500,Inspiration From Sweet Daydream  (VS) ,Feminine,"2,128.00",500ml-Inspiration From Sweet Daydream  (VS) ,500g,Fragrances
FF 10375 500g,1000,Inspiration From Tresor in Love by Lancome   ,Feminine,"2,128.00",1000ml-Inspiration From Tresor in Love by Lancome   ,1000g,Fragrances
FF 10283 500g,500,Inspiration From Ultraviolet Women  ,Feminine,"2,128.00",500ml-Inspiration From Ultraviolet Women  ,500g,Fragrances
FF 10233 500g,500,Inspiration From Zen   ,Feminine,"2,128.00",500ml-Inspiration From Zen   ,500g,Fragrances
MF 20187,1000,Inspiration From Versace Dreamer  ,Masculine,"2,100.16",1000ml-Inspiration From Versace Dreamer  ,1000g,Fragrances
FF 10362 500g,500,Inspiration From Bvlgari Amethyst  ,Feminine,"2,032.80",500ml-Inspiration From Bvlgari Amethyst  ,500g,Fragrances
BP 10004 500g,500,Inspiration From Happy Men   ,Masculine,"2,027.20",500ml-Inspiration From Happy Men   ,500g,Fragrances
FF 10374 500g,1000,Inspiration From Beyonce Heat   ,Feminine,"2,016.00",1000ml-Inspiration From Beyonce Heat   ,1000g,Fragrances
FF 10387 500g,500,Inspiration From Black Pepper  ,Feminine,"2,016.00",500ml-Inspiration From Black Pepper  ,500g,Fragrances
FF 10511 500g,500,Inspiration From Black XS L'Excess Women  ,Feminine,"2,016.00",500ml-Inspiration From Black XS L'Excess Women  ,500g,Fragrances
FF 10306 500g,500,Inspiration From Dreaming Tommy Hilfiger   ,Feminine,"2,016.00",500ml-Inspiration From Dreaming Tommy Hilfiger   ,500g,Fragrances
FF 10334 500g,500,Inspiration From Eau de Fleur Soie by Kenzo   ,Feminine,"2,016.00",500ml-Inspiration From Eau de Fleur Soie by Kenzo   ,500g,Fragrances
FF 10332 500g,500,Inspiration From Eau Indigo by Kenzo   ,Feminine,"2,016.00",500ml-Inspiration From Eau Indigo by Kenzo   ,500g,Fragrances
FF 10396 500g,500,Inspiration From Eclat D Aprege by Lanvin  ,Feminine,"2,016.00",500ml-Inspiration From Eclat D Aprege by Lanvin  ,500g,Fragrances
BP 10023 500g,500,Inspiration From Hugo Boss Men   ,Masculine,"2,016.00",500ml-Inspiration From Hugo Boss Men   ,500g,Fragrances
MF 20153 500g,500,Inspiration From Into the Blue   ,Masculine,"2,016.00",500ml-Inspiration From Into the Blue   ,500g,Fragrances
MF 20204 500g,500,Inspiration From Lanvin L'Homme Sport   ,Masculine,"2,016.00",500ml-Inspiration From Lanvin L'Homme Sport   ,500g,Fragrances
FF 10333 500g,500,Inspiration From Marc Jacobs Lola   ,Feminine,"2,016.00",500ml-Inspiration From Marc Jacobs Lola   ,500g,Fragrances
FF 10366 1Kg,1000,Inspiration From Pure Seduction  Attraction ,Feminine,"2,016.00",1000ml-Inspiration From Pure Seduction  Attraction ,1000g,Fragrances
FF 10222 500g,500,Inspiration From Sexy Little Thing  (VS) ,Feminine,"2,016.00",500ml-Inspiration From Sexy Little Thing  (VS) ,500g,Fragrances
FF 10370 500g,1000,Inspiration From Siren Paris Hilton   ,Feminine,"2,016.00",1000ml-Inspiration From Siren Paris Hilton   ,1000g,Fragrances
FF 10335 500g,500,Inspiration From Ultraviolet Flouressence  ,Feminine,"2,016.00",500ml-Inspiration From Ultraviolet Flouressence  ,500g,Fragrances
FF 10141 500g,500,Inspiration From Universe Escada   ,Feminine,"2,016.00",500ml-Inspiration From Universe Escada   ,500g,Fragrances
CA 75002 1Kg,1000,Inspiration From Ylang  ,Natural,"2,016.00",1000ml-Inspiration From Ylang  ,1000g,Fragrances
BP 10012 500g,500,Inspiration From Eternity Men   ,Masculine,"2,002.00",500ml-Inspiration From Eternity Men   ,500g,Fragrances
BP 10043 500g,500,Inspiration From Chanel No. 5  ,Feminine,"1,999.20",500ml-Inspiration From Chanel No. 5  ,500g,Fragrances
BP 10046 500g,500,Inspiration From L'Occitane The Vert  ,Personal Care,"1,960.00",500ml-Inspiration From L'Occitane The Vert  ,500g,Fragrances
FF 10330 500g,500,Inspiration From Acca Kappa Calycanthus  ,Feminine,"1,904.00",500ml-Inspiration From Acca Kappa Calycanthus  ,500g,Fragrances
FF 10514 500g,500,Inspiration From Be Delicious Fresh Bloom  ,Feminine,"1,904.00",500ml-Inspiration From Be Delicious Fresh Bloom  ,500g,Fragrances
FF 10291 500g,500,Inspiration From Chloe 2008  ,Feminine,"1,904.00",500ml-Inspiration From Chloe 2008  ,500g,Fragrances
MF 20136 500g,500,Inspiration From D&G Light Blue EPV  ,Masculine,"1,904.00",500ml-Inspiration From D&G Light Blue EPV  ,500g,Fragrances
FF 10547 500g,500,Inspiration From Jasmin Mint by Jo Malone,Feminine,"1,904.00",500ml-Inspiration From Jasmin Mint by Jo Malone,500g,Fragrances
MF 20220 500g,500,Inspiration From Lacoste Blue (Bleu)   ,Masculine,"1,904.00",500ml-Inspiration From Lacoste Blue (Bleu)   ,500g,Fragrances
MF 20254 500g,500,Inspiration From 212 VIP  ,Masculine,"1,881.60",500ml-Inspiration From 212 VIP  ,500g,Fragrances
BP 10050 500g,500,Inspiration From Jo Malone Orange Blossom  ,Feminine,"1,873.76",500ml-Inspiration From Jo Malone Orange Blossom  ,500g,Fragrances
BP 10008 500g,500,Inspiration From Escada Sentiment   ,Feminine,"1,858.08",500ml-Inspiration From Escada Sentiment   ,500g,Fragrances
BP 10009 500g,500,Inspiration From Gendarme   ,Masculine,"1,858.08",500ml-Inspiration From Gendarme   ,500g,Fragrances
BP 10003 500g,500,Inspiration From Ralph for Her   ,Feminine,"1,858.08",500ml-Inspiration From Ralph for Her   ,500g,Fragrances
BP 10021 500g,500,Inspiration From Beautiful   ,Feminine,"1,853.60",500ml-Inspiration From Beautiful   ,500g,Fragrances
FF 10094 500g,500,Inspiration From Amber Romance  (VS) ,Feminine,"1,841.28",500ml-Inspiration From Amber Romance  (VS) ,500g,Fragrances
FF 10512 500g,500,Inspiration From Amor Amor Forbidden Kiss  ,Feminine,"1,841.28",500ml-Inspiration From Amor Amor Forbidden Kiss  ,500g,Fragrances
MF 20076 500g,500,Inspiration From Apparition   ,Masculine,"1,841.28",500ml-Inspiration From Apparition   ,500g,Fragrances
MF 20106 500g,500,Inspiration From Armani Attitude   ,Masculine,"1,841.28",500ml-Inspiration From Armani Attitude   ,500g,Fragrances
MF 20004 500g,500,Inspiration From Armani Black Code (ver Fr)   ,Masculine,"1,841.28",500ml-Inspiration From Armani Black Code (ver Fr)   ,500g,Fragrances
FF 10052 500g,500,Inspiration From Armani Code Pour Femme (ver Fr)   ,Feminine,"1,841.28",500ml-Inspiration From Armani Code Pour Femme (ver Fr)   ,500g,Fragrances
BP 10039 500g,500,Inspiration From Armani White   ,Feminine,"1,841.28",500ml-Inspiration From Armani White   ,500g,Fragrances
BB 65008 500g,500,Inspiration From Baby Alizes   ,Baby,"1,841.28",500ml-Inspiration From Baby Alizes   ,500g,Fragrances
BB 65007 500g,500,Inspiration From Baby Baby   ,Baby,"1,841.28",500ml-Inspiration From Baby Baby   ,500g,Fragrances
FF 10394 500g,500,Inspiration From Baby Grace by Philosophy  ,Feminine,"1,841.28",500ml-Inspiration From Baby Grace by Philosophy  ,500g,Fragrances
BB 65011 500g,500,Inspiration From Baby Willy   ,Baby,"1,841.28",500ml-Inspiration From Baby Willy   ,500g,Fragrances
BP 10001 500g,500,Inspiration From Be Delicious Women   ,Feminine,"1,841.28",500ml-Inspiration From Be Delicious Women   ,500g,Fragrances
FF 10123 500g,500,Inspiration From Berry Crumble   ,Feminine,"1,841.28",500ml-Inspiration From Berry Crumble   ,500g,Fragrances
FF 10008 500g,500,Inspiration From Blu Baby   ,Feminine,"1,841.28",500ml-Inspiration From Blu Baby   ,500g,Fragrances
MF 20216 500g,500,Inspiration From Boss Bottle Night   ,Masculine,"1,841.28",500ml-Inspiration From Boss Bottle Night   ,500g,Fragrances
FF 10051 500g,500,Inspiration From Burberry Touch   ,Feminine,"1,841.28",500ml-Inspiration From Burberry Touch   ,500g,Fragrances
MF 20206 500g,500,Inspiration From Chanel Bleu   ,Masculine,"1,841.28",500ml-Inspiration From Chanel Bleu   ,500g,Fragrances
FF 10382 500g,500,Inspiration From Chopard Happy Spirit   ,Feminine,"1,841.28",500ml-Inspiration From Chopard Happy Spirit   ,500g,Fragrances
MF 20202 500g,1000,Inspiration From CK Eternity Aqua   ,Masculine,"1,841.28",1000ml-Inspiration From CK Eternity Aqua   ,1000g,Fragrances
BP 10070 500g,500,Inspiration From CK In 2 U  ,Feminine,"1,841.28",500ml-Inspiration From CK In 2 U  ,500g,Fragrances
FF 10358 500g,500,Inspiration From Clean Fresh Laundry   ,Feminine,"1,841.28",500ml-Inspiration From Clean Fresh Laundry   ,500g,Fragrances
MF 20140 500g,500,Inspiration From Cool Water Game (ver Fr)   ,Masculine,"1,841.28",500ml-Inspiration From Cool Water Game (ver Fr)   ,500g,Fragrances
FF 10235 500g,500,Inspiration From Cool Water Wave (ver Fr)   ,Feminine,"1,841.28",500ml-Inspiration From Cool Water Wave (ver Fr)   ,500g,Fragrances
MF 20203 500g,500,Inspiration From Davidoff Champion   ,Masculine,"1,841.28",500ml-Inspiration From Davidoff Champion   ,500g,Fragrances
FF 10407 500g,500,Inspiration From DKNY Energizing   ,Feminine,"1,841.28",500ml-Inspiration From DKNY Energizing   ,500g,Fragrances
FF 10252 500g,500,Inspiration From Emporio Diamond   ,Feminine,"1,841.28",500ml-Inspiration From Emporio Diamond   ,500g,Fragrances
FF 10021 500g,1000,Inspiration From Escada 2005   ,Feminine,"1,841.28",1000ml-Inspiration From Escada 2005   ,1000g,Fragrances
FF 10367 500g,1000,Inspiration From Escada Ocean Lounge   ,Feminine,"1,841.28",1000ml-Inspiration From Escada Ocean Lounge   ,1000g,Fragrances
FF 10513 500g,500,Inspiration From Especially Escada  ,Feminine,"1,841.28",500ml-Inspiration From Especially Escada  ,500g,Fragrances
FF 10385 500g,500,Inspiration From Givenchy Naturally Chic   ,Feminine,"1,841.28",500ml-Inspiration From Givenchy Naturally Chic   ,500g,Fragrances
FF 10331 500g,500,Inspiration From Green Irish Tweed by Acca Kappy  ,Feminine,"1,841.28",500ml-Inspiration From Green Irish Tweed by Acca Kappy  ,500g,Fragrances
FF 10384 500g,500,Inspiration From Gucci Guilty   ,Feminine,"1,841.28",500ml-Inspiration From Gucci Guilty   ,500g,Fragrances
MF 20170 500g,500,Inspiration From Gucci Homme  ,Masculine,"1,841.28",500ml-Inspiration From Gucci Homme  ,500g,Fragrances
BP 10022 500g,500,Inspiration From Gucci Rush 2   ,Feminine,"1,841.28",500ml-Inspiration From Gucci Rush 2   ,500g,Fragrances
BP 10025 500g,500,Inspiration From Hadrian Garden ,Personal Care,"1,841.28",500ml-Inspiration From Hadrian Garden ,500g,Fragrances
FF 10061 500g,500,Inspiration From Happy (ver Fr)   ,Feminine,"1,841.28",500ml-Inspiration From Happy (ver Fr)   ,500g,Fragrances
FF 10024 500g,500,Inspiration From Happy Heart   ,Feminine,"1,841.28",500ml-Inspiration From Happy Heart   ,500g,Fragrances
FF 10315 500g,500,Inspiration From Hippie Fizz Moschino  ,Feminine,"1,841.28",500ml-Inspiration From Hippie Fizz Moschino  ,500g,Fragrances
FF 10216 500g,500,Inspiration From Hugo XY Royal Purple   ,Feminine,"1,841.28",500ml-Inspiration From Hugo XY Royal Purple   ,500g,Fragrances
FF 10029 500g,500,Inspiration From Incanto Charms (ver Fr)   ,Feminine,"1,841.28",500ml-Inspiration From Incanto Charms (ver Fr)   ,500g,Fragrances
FF 10432 500g,500,Inspiration From Incanto Heaven   ,Feminine,"1,841.28",500ml-Inspiration From Incanto Heaven   ,500g,Fragrances
BP 10014 500g,500,Inspiration From Lacoste Red   ,Masculine,"1,841.28",500ml-Inspiration From Lacoste Red   ,500g,Fragrances
FF 10038 500g,500,Inspiration From Love at 1st Glow   ,Feminine,"1,841.28",500ml-Inspiration From Love at 1st Glow   ,500g,Fragrances
MF 20180 500g,500,Inspiration From Muschio Bianco (White Moss) by Acca Kappa   ,Masculine,"1,841.28",500ml-Inspiration From Muschio Bianco (White Moss) by Acca Kappa   ,500g,Fragrances
MF 20272 500g,500,Inspiration From One Million Paco Rabanne  ,Masculine,"1,841.28",500ml-Inspiration From One Million Paco Rabanne  ,500g,Fragrances
MF 20073 500g,500,Inspiration From Prada Amber   ,Masculine,"1,841.28",500ml-Inspiration From Prada Amber   ,500g,Fragrances
FF 10167 500g,500,Inspiration From Ralph Rocks   ,Feminine,"1,841.28",500ml-Inspiration From Ralph Rocks   ,500g,Fragrances
FF 10380 500g,1000,Inspiration From Roger & Gallet Gingembre   ,Feminine,"1,841.28",1000ml-Inspiration From Roger & Gallet Gingembre   ,1000g,Fragrances
FF 10046 500g,500,Inspiration From Secret Crush  (VS) ,Feminine,"1,841.28",500ml-Inspiration From Secret Crush  (VS) ,500g,Fragrances
BP 10024 500g,500,Inspiration From Secret Wish by Anna Sui ,Feminine,"1,841.28",500ml-Inspiration From Secret Wish by Anna Sui ,500g,Fragrances
FF 10404 500g,500,Inspiration From Vanitas Versace   ,Feminine,"1,841.28",500ml-Inspiration From Vanitas Versace   ,500g,Fragrances
BP 10019 500g,500,Inspiration From Bvlgari Women   ,Feminine,"1,820.00",500ml-Inspiration From Bvlgari Women   ,500g,Fragrances
BP 10005 500g,500,Inspiration From Hugo Dark Blue   ,Masculine,"1,808.80",500ml-Inspiration From Hugo Dark Blue   ,500g,Fragrances
MF 20084 500g,500,Inspiration From Romance   ,Masculine,"1,792.00",500ml-Inspiration From Romance   ,500g,Fragrances
FF 100325 250g,500,Inspiration From Butterfly by Hanae Mori   ,Feminine,"1,779.23",500ml-Inspiration From Butterfly by Hanae Mori   ,500g,Fragrances
FF 10325 250g,250,Inspiration From Butterfly by Hanae Mori   ,Feminine,"1,778.56",250ml-Inspiration From Butterfly by Hanae Mori   ,250g,Fragrances
FF 10025 500g,500,Inspiration From Hugo Woman   ,Feminine,"1,747.20",500ml-Inspiration From Hugo Woman   ,500g,Fragrances
BP 10061 500g,500,Inspiration From Jo Malone Verbena  ,Feminine,"1,695.68",500ml-Inspiration From Jo Malone Verbena  ,500g,Fragrances
BP 10051 1Kg,1000,Inspiration From Citronella  ,Personal Care,"1,680.00",1000ml-Inspiration From Citronella  ,1000g,Fragrances
BP 10032 500g,500,Inspiration From Issey Miyake   ,Masculine,"1,680.00",500ml-Inspiration From Issey Miyake   ,500g,Fragrances
MF 20041 500g,500,Inspiration From 212 Carolina Herrera   ,Masculine,"1,678.88",500ml-Inspiration From 212 Carolina Herrera   ,500g,Fragrances
MF 20062 500g,500,Inspiration From Allure Homme Sport   ,Masculine,"1,678.88",500ml-Inspiration From Allure Homme Sport   ,500g,Fragrances
FF 10002 500g,500,Inspiration From Allure Sensuelle   ,Feminine,"1,678.88",500ml-Inspiration From Allure Sensuelle   ,500g,Fragrances
FF 10097 500g,500,Inspiration From Amazing Grace (ver LP)   ,Feminine,"1,678.88",500ml-Inspiration From Amazing Grace (ver LP)   ,500g,Fragrances
MF 20003 500g,500,Inspiration From Aqua di Gio (ver Fr)   ,Masculine,"1,678.88",500ml-Inspiration From Aqua di Gio (ver Fr)   ,500g,Fragrances
FF 10006 500g,500,Inspiration From Aqua di Gio (ver Fr)   ,Feminine,"1,678.88",500ml-Inspiration From Aqua di Gio (ver Fr)   ,500g,Fragrances
FF 10276 500g,500,Inspiration From Baby Doll   ,Feminine,"1,678.88",500ml-Inspiration From Baby Doll   ,500g,Fragrances
FF 10067 500g,500,Inspiration From Banana Republic   ,Feminine,"1,678.88",500ml-Inspiration From Banana Republic   ,500g,Fragrances
MF 20009 500g,500,Inspiration From Boss Edition Green ,Masculine,"1,678.88",500ml-Inspiration From Boss Edition Green ,500g,Fragrances
MF 20052 500g,500,Inspiration From Boss in Motion 3 ,Masculine,"1,678.88",500ml-Inspiration From Boss in Motion 3 ,500g,Fragrances
MF 20012 500g,500,Inspiration From Boss Selection   ,Masculine,"1,678.88",500ml-Inspiration From Boss Selection   ,500g,Fragrances
BP 10056 500g,500,Inspiration From Britney Spears Fantasy  ,Feminine,"1,678.88",500ml-Inspiration From Britney Spears Fantasy  ,500g,Fragrances
FF 10166 500g,500,Inspiration From Bulgari White Tea  ,Feminine,"1,678.88",500ml-Inspiration From Bulgari White Tea  ,500g,Fragrances
FF 10009 500g,500,Inspiration From Burberry Brit Gold   ,Feminine,"1,678.88",500ml-Inspiration From Burberry Brit Gold   ,500g,Fragrances
MF 20099 500g,500,Inspiration From Bvl Black Good   ,Masculine,"1,678.88",500ml-Inspiration From Bvl Black Good   ,500g,Fragrances
FF 10234 500g,500,Inspiration From Bvlgari Blue Tpye  ,Feminine,"1,678.88",500ml-Inspiration From Bvlgari Blue Tpye  ,500g,Fragrances
FF 10478 500g,500,Inspiration From Candy by Prada  ,Feminine,"1,678.88",500ml-Inspiration From Candy by Prada  ,500g,Fragrances
FF 10109 500g,500,Inspiration From Chiffon Sorbet   ,Feminine,"1,678.88",500ml-Inspiration From Chiffon Sorbet   ,500g,Fragrances
HH 73025 500g,500,Inspiration From Christmas Apple Pie ,Gourmand,"1,678.88",500ml-Inspiration From Christmas Apple Pie ,500g,Fragrances
MF 20096 500g,500,Inspiration From Chrome   ,Masculine,"1,678.88",500ml-Inspiration From Chrome   ,500g,Fragrances
BP 10028 500g,500,Inspiration From Citrus Basil   ,Personal Care,"1,678.88",500ml-Inspiration From Citrus Basil   ,500g,Fragrances
MF 20036 500g,500,Inspiration From CK Obsession Night  ,Masculine,"1,678.88",500ml-Inspiration From CK Obsession Night  ,500g,Fragrances
MF 20244 500g,500,Inspiration From CK One Shock  ,Masculine,"1,678.88",500ml-Inspiration From CK One Shock  ,500g,Fragrances
MF 20020 500g,500,Inspiration From CK One Summer (ver Fr)   ,Masculine,"1,678.88",500ml-Inspiration From CK One Summer (ver Fr)   ,500g,Fragrances
