"post_title","post_name","ID","post_excerpt","post_content","post_status","menu_order","post_date","post_parent","comment_status","sku","downloadable","virtual","visibility","stock","stock_status","backorders","manage_stock","regular_price","sale_price","weight","length","width","height","tax_status","tax_class","upsell_ids","crosssell_ids","featured","sale_price_dates_from","sale_price_dates_to","file_path","file_paths","download_limit","download_expiry","product_url","button_text","meta:_yoast_wpseo_focuskw","meta:_yoast_wpseo_title","meta:_yoast_wpseo_metadesc","meta:_yoast_wpseo_metakeywords","images","tax:product_type","tax:product_cat","tax:product_tag","tax:product_shipping_class","meta:total_sales","attribute:pa_cap","attribute_data:pa_cap","attribute_default:pa_cap","attribute:pa_size","attribute_data:pa_size","attribute_default:pa_size","attribute:pa_size-ml","attribute_data:pa_size-ml","attribute_default:pa_size-ml"
"Hugo PET Bottle","hugo-pet-bottle","40","","Triangle-shaped PET bottle for your perfume, lotion and other beauty products.","draft","0","2013-07-25 02:43:08","0","open","","no","no","visible","","instock","no","no","500","","","","","","","","","","no","","","","","","","","","","","","","http://localhost/wordpress/wp-content/uploads/2013/07/100ml-Hugo-+-Ardent-600x600.jpg","simple","pet bottles","","","0","Aluminum Screw Cap|Aluminum Screw Pump (ASP)|Ardent Fliptop Cap|Gel Pump|Lotion Pump Flat|Mushroom Fliptop Cap|Mushroom Screw Cap|Pump Spray|Trigger Spray|Z Fliptop Cap","0|0|0","","1kg|3.75kg|30g","1|0|0","","","",""
"Oval PET Bottle","oval-pet-bottle","136","","Oval-shaped PET Bottle for your perfume, fragrances, lotion, compounds and other beauty products.","draft","0","2013-07-31 06:32:30","0","open","","no","no","visible","","instock","no","no","","","","","","","","","","","no","","","","","","","","","","","","","http://localhost/wordpress/wp-content/uploads/2013/07/100ml-Oval-+-Lotion-Pump-Flat.jpg|http://localhost/wordpress/wp-content/uploads/2013/07/20ml-Boston-+-AFC.jpg|http://localhost/wordpress/wp-content/uploads/2013/07/20ml-Boston-+-Ardent.jpg|http://localhost/wordpress/wp-content/uploads/2013/07/20ml-Boston-+-Ardent1.jpg|http://localhost/wordpress/wp-content/uploads/2013/07/100ml-Oval-+-Ardent-Clear.jpg|http://localhost/wordpress/wp-content/uploads/2013/07/150ml-Boston-+-Aluminun-Screw-Pump.jpg|http://localhost/wordpress/wp-content/uploads/2013/07/20ml-Boston-+-Ardent2.jpg|http://localhost/wordpress/wp-content/uploads/2013/07/100ml-Boston-+-Gel-Pump-Shroud.jpg|http://localhost/wordpress/wp-content/uploads/2013/07/100ml-Boston-+-Lotion-Pump-Flat.jpg|http://localhost/wordpress/wp-content/uploads/2013/07/100ml-Boston-+-Mushroom-Fliptop.jpg|http://localhost/wordpress/wp-content/uploads/2013/07/100ml-Boston-+-Mushroom-Screw.jpg|http://localhost/wordpress/wp-content/uploads/2013/07/100ml-Boston-+-Pump-Spray-Fancy.jpg|http://localhost/wordpress/wp-content/uploads/2013/08/50ml-Oval-+-Pump-Spray.jpg","variable","pet bottles","","","2","Aluminum Fake Cap (AFC)|Aluminum Screw Pump (ASP)|Ardent Fliptop Cap|Ball Fliptop Cap|Ball Screw Cap|Disc Cap|Fireman Spray|Gel Pump|Gel Pump Shroud|Lotion Pump Flat|Lotion Pump Twist|Mushroom Fliptop Cap|Mushroom Screw Cap|Pump Spray|Pump Spray Fancy|Pump Spray Shroud|Trigger Spray|Z Fliptop Cap","1|0|1","","","","","100ml|200ml|30ml|50ml","0|0|1",""
"Banana PET Bottle","banana-pet-bottle","148","","Banana-shaped PET bottles perfect for your perfumes, lotions and other compounds.","draft","0","2013-07-31 06:43:42","0","open","","no","no","visible","","instock","no","no","","","","","","","","","","","no","","","","","","","","","","","","","http://localhost/wordpress/wp-content/uploads/2013/07/100ml-Banana-+-Ardent.jpg|http://localhost/wordpress/wp-content/uploads/2013/07/100ml-Banana-+-Aluminum-Screw-Pump.jpg|http://localhost/wordpress/wp-content/uploads/2013/07/100ml-Banana-+-Ardent1.jpg|http://localhost/wordpress/wp-content/uploads/2013/07/100ml-Banana-+-Disc-450x450.jpg|http://localhost/wordpress/wp-content/uploads/2013/07/100ml-Banana-+-Gel-Pump.jpg|http://localhost/wordpress/wp-content/uploads/2013/07/100ml-Banana-+-Mushroom-Fliptop.jpg|http://localhost/wordpress/wp-content/uploads/2013/07/100ml-Banana-+-Pump-Spray-Fancy.jpg|http://localhost/wordpress/wp-content/uploads/2013/07/100ml-Oval-+-Lotion-Pump-Flat.jpg|http://localhost/wordpress/wp-content/uploads/2013/07/100ml-Banana-+-AFC.jpg","variable","pet bottles","","","0","Aluminum Fake Cap (AFC)|Aluminum Screw Pump (ASP)|Ardent Fliptop Cap|Ball Fliptop Cap|Disc Cap|Gel Pump|Gel Pump Shroud|Lotion Pump Flat|Mushroom Fliptop Cap|Mushroom Screw Cap|Mushroom Talc|Pump Spray|Pump Spray Fancy|Pump Spray Shroud|Push Pull Cap|Sephora Cap","4|1|1","","","","","100ml","3|1|1",""
"Boston PET Bottle","boston-pet-bottle","158","","100ml Boston PET bottle for perfume, lotion, and other beauty products.","draft","0","2013-07-03 10:38:46","0","open","","no","no","visible","","instock","no","no","","","","","","","","","","","no","","","","","","","","","","","","","http://localhost/wordpress/wp-content/uploads/2013/07/100ml-Boston-+-AFC2.jpg","variable","pet bottles","","","13","Aluminum Fake Cap (AFC)|Aluminum Screw Pump (ASP)|Ardent Fliptop Cap|Ball Fliptop Cap|Disc Cap|Gel Pump|Gel Pump Shroud|Lotion Pump Flat|Mandarin Cap|Mushroom Fliptop Cap|Mushroom Screw Cap|Pump Spray|Pump Spray Fancy|Pump Spray Shroud|Push Pull Cap|Sephora Cap|Z Fliptop Cap","3|1|1","","","","","100ml|150ml|200ml|20ml|250ml|300ml|400ml|500ml|50ml","2|1|1",""
"Dazzle","dazzle","25363","","","publish","0","2013-07-25 02:43:08","0","open","","no","no","visible","","instock","no","no","","","","","","","none","","","","no","","","","","","","","","","","","","http://localhost/wordpress/wp-content/uploads/2014/01/30-Dazzle-+-Pump-Spray-Fancy.jpg","variable","glass bottles","","","","Pump Spray Fancy","1|1|1","","","","","30ml","0|1|1",""
"Amber Frosted","amber-frosted","25365","","","publish","0","2013-07-25 02:43:08","0","open","","no","no","visible","","instock","no","no","","","","","","","none","","","","no","","","","","","","","","","","","","http://localhost/wordpress/wp-content/uploads/2014/01/120-Amber-Frosted-+-Aluminum-Fake-Cap.jpg","variable","glass bottles","","","","Aluminum Fake Cap","1|1|1","","","","","120ml","0|1|1",""
"Hugo Frosted","hugo-frosted","25367","","","publish","0","2013-07-25 02:43:08","0","open","","no","no","visible","","instock","no","no","","","","","","","none","","","","no","","","","","","","","","","","","","http://localhost/wordpress/wp-content/uploads/2014/01/40-Hugo-Frosted-+-Aluminum-Fake-Cap.jpg|http://localhost/wordpress/wp-content/uploads/2014/01/30-Hugo-Frosted-+-Gel-Pump.jpg|http://localhost/wordpress/wp-content/uploads/2014/01/40-Hugo-Frosted-+-Gel-Pump.jpg|http://localhost/wordpress/wp-content/uploads/2014/01/30-Hugo-Frosted-+-Gel-Pump-Shroud.jpg|http://localhost/wordpress/wp-content/uploads/2014/01/40-Hugo-Frosted-+-Gel-Pump-Shroud.jpg|http://localhost/wordpress/wp-content/uploads/2014/01/30-Hugo-Frosted-+-Pump-Spray.jpg|http://localhost/wordpress/wp-content/uploads/2014/01/40-Hugo-Frosted-+-Pump-Spray.jpg|http://localhost/wordpress/wp-content/uploads/2014/01/30-Hugo-Frosted-+-Pump-Spray-Fancy-Silver-Matte.jpg|http://localhost/wordpress/wp-content/uploads/2014/01/40-Hugo-Frosted-+-Pump-Spray-Fancy-Silver-Matte.jpg|http://localhost/wordpress/wp-content/uploads/2014/01/30-Hugo-Frosted-+-Pump-Spray-Fancy-Silver-Shiny.jpg|http://localhost/wordpress/wp-content/uploads/2014/01/40-Hugo-Frosted-+-Pump-Spray-Fancy-Silver-Shiny.jpg|http://localhost/wordpress/wp-content/uploads/2014/01/30-Hugo-Frosted-+-Pump-Spray-Shroud.jpg|http://localhost/wordpress/wp-content/uploads/2014/01/40-Hugo-Frosted-+-Pump-Spray-Shroud.jpg","variable","glass bottles","","","","Aluminum Fake Cap|Gel Pump|Gel Pump Shroud|Pump Spray|Pump Spray Fancy Silver Matte|Pump Spray Fancy Silver Shiny|Pump Spray Shroud","1|1|1","","","","","30ml|40ml","0|1|1",""
"Round Frosted","round-frosted","25381","","","publish","0","2013-07-25 02:43:08","0","open","","no","no","visible","","instock","no","no","","","","","","","none","","","","no","","","","","","","","","","","","","http://localhost/wordpress/wp-content/uploads/2014/01/30-Round-Frosted-+-Aluminum-Fake-Cap.jpg|http://localhost/wordpress/wp-content/uploads/2014/01/12-Round-Frosted-+-Gel-Pump.jpg|http://localhost/wordpress/wp-content/uploads/2014/01/10-Round-Frosted-+-Gel-Pump.jpg|http://localhost/wordpress/wp-content/uploads/2014/01/30-Round-Frosted-+-Gel-Pump.jpg|http://localhost/wordpress/wp-content/uploads/2014/01/12-Round-Frosted-+-Gel-Pump-Shroud.jpg|http://localhost/wordpress/wp-content/uploads/2014/01/10-Round-Frosted-+-Gel-Pump-Shroud.jpg|http://localhost/wordpress/wp-content/uploads/2014/01/30-Round-Frosted-+-Gel-Pump-Shroud.jpg|http://localhost/wordpress/wp-content/uploads/2014/01/100-Round-Frosted-+-Lotion-Pump-Flat-or-Twist.jpg|http://localhost/wordpress/wp-content/uploads/2014/01/8-Round-Frosted-+-Pump-Spray.jpg|http://localhost/wordpress/wp-content/uploads/2014/01/12-Round-Frosted-+-Pump-Spray.jpg|http://localhost/wordpress/wp-content/uploads/2014/01/5-Round-Frosted-+-Pump-Spray.jpg|http://localhost/wordpress/wp-content/uploads/2014/01/10-Round-Frosted-+-Pump-Spray.jpg|http://localhost/wordpress/wp-content/uploads/2014/01/30-Round-Frosted-+-Pump-Spray.jpg|http://localhost/wordpress/wp-content/uploads/2014/01/30-Round-Frosted-+-Pump-Spray-Fancy-Silver-Matte.jpg|http://localhost/wordpress/wp-content/uploads/2014/01/30-Round-Frosted-+-Pump-Spray-Fancy-Silver-Shiny.jpg|http://localhost/wordpress/wp-content/uploads/2014/01/12-Round-Frosted-+-Pump-Spray-Shroud.jpg|http://localhost/wordpress/wp-content/uploads/2014/01/10-Round-Frosted-+-Pump-Spray-Shroud.jpg|http://localhost/wordpress/wp-content/uploads/2014/01/30-Round-Frosted-+-Pump-Spray-Shroud.jpg","variable","glass bottles","","","","Aluminum Fake Cap|Gel Pump|Gel Pump Shroud|Lotion Pump Flat or Twist|Pump Spray|Pump Spray Fancy Silver Matte|Pump Spray Fancy Silver Shiny|Pump Spray Shroud","1|1|1","","","","","100ml|10ml|12ml|30ml|5ml|8ml","0|1|1",""
"Sexy Frosted","sexy-frosted","25400","","","publish","0","2013-07-25 02:43:08","0","open","","no","no","visible","","instock","no","no","","","","","","","none","","","","no","","","","","","","","","","","","","http://localhost/wordpress/wp-content/uploads/2014/01/50-Sexy-Frosted-+-Aluminum-Fake-Cap.jpg|http://localhost/wordpress/wp-content/uploads/2014/01/30-Sexy-Frosted-+-Aluminum-Fake-Cap.jpg|http://localhost/wordpress/wp-content/uploads/2014/01/30-Sexy-Frosted-+-Gel-Pump.jpg|http://localhost/wordpress/wp-content/uploads/2014/01/50-Sexy-Frosted-+-Gel-Pump.jpg|http://localhost/wordpress/wp-content/uploads/2014/01/120-Sexy-Frosted-+-Gel-Pump.jpg|http://localhost/wordpress/wp-content/uploads/2014/01/30-Sexy-Frosted-+-Gel-Pump-Shroud.jpg|http://localhost/wordpress/wp-content/uploads/2014/01/50-Sexy-Frosted-+-Gel-Pump-Shroud.jpg|http://localhost/wordpress/wp-content/uploads/2014/01/120-Sexy-Frosted-+-Gel-Pump-Shroud.jpg|http://localhost/wordpress/wp-content/uploads/2014/01/30-Sexy-Frosted-+-Pump-Spray.jpg|http://localhost/wordpress/wp-content/uploads/2014/01/50-Sexy-Frosted-+-Pump-Spray.jpg|http://localhost/wordpress/wp-content/uploads/2014/01/120-Sexy-Frosted-+-Pump-Spray.jpg|http://localhost/wordpress/wp-content/uploads/2014/01/30-Sexy-Frosted-+-Pump-Spray-Fancy-Silver-Matte.jpg|http://localhost/wordpress/wp-content/uploads/2014/01/50-Sexy-Frosted-+-Pump-Spray-Fancy-Silver-Matte.jpg|http://localhost/wordpress/wp-content/uploads/2014/01/120-Sexy-Frosted-+-Pump-Spray-Fancy-Silver-Matte.jpg|http://localhost/wordpress/wp-content/uploads/2014/01/30-Sexy-Frosted-+-Pump-Spray-Fancy-Silver-Shiny.jpg|http://localhost/wordpress/wp-content/uploads/2014/01/50-Sexy-Frosted-+-Pump-Spray-Fancy-Silver-Shiny.jpg|http://localhost/wordpress/wp-content/uploads/2014/01/120-Sexy-Frosted-+-Pump-Spray-Fancy-Silver-Shiny.jpg|http://localhost/wordpress/wp-content/uploads/2014/01/30-Sexy-Frosted-+-Pump-Spray-Shroud.jpg|http://localhost/wordpress/wp-content/uploads/2014/01/50-Sexy-Frosted-+-Pump-Spray-Shroud.jpg|http://localhost/wordpress/wp-content/uploads/2014/01/120-Sexy-Frosted-+-Pump-Spray-Shroud.jpg","variable","glass bottles","","","","Aluminum Fake Cap|Gel Pump|Gel Pump Shroud|Pump Spray|Pump Spray Fancy Silver Matte|Pump Spray Fancy Silver Shiny|Pump Spray Shroud","1|1|1","","","","","120ml|30ml|50ml","0|1|1",""
"Cobalt Blue","cobalt-blue","25421","","","publish","0","2013-07-25 02:43:08","0","open","","no","no","visible","","instock","no","no","","","","","","","none","","","","no","","","","","","","","","","","","","http://localhost/wordpress/wp-content/uploads/2014/01/10-Cobalt-Blue-+-Aluminum-Fake-Cap.jpg|http://localhost/wordpress/wp-content/uploads/2014/01/30-Cobalt-Blue-+-Aluminum-Fake-Cap.jpg|http://localhost/wordpress/wp-content/uploads/2014/01/60-Cobalt-Blue-+-Aluminum-Fake-Cap.jpg|http://localhost/wordpress/wp-content/uploads/2014/01/120-Cobalt-Blue-+-Aluminum-Fake-Cap.jpg|http://localhost/wordpress/wp-content/uploads/2014/01/30-Cobalt-Blue-+-Metal-Cap.jpg|http://localhost/wordpress/wp-content/uploads/2014/01/60-Cobalt-Blue-+-Metal-Cap.jpg|http://localhost/wordpress/wp-content/uploads/2014/01/120-Cobalt-Blue-+-Metal-Cap.jpg|http://localhost/wordpress/wp-content/uploads/2014/01/10-Cobalt-Blue.jpg|http://localhost/wordpress/wp-content/uploads/2014/01/10-Cobalt-Blue-+-Aluminum-Fake-Cap-+-Stopper.jpg|http://localhost/wordpress/wp-content/uploads/2014/01/30-Cobalt-Blue.jpg|http://localhost/wordpress/wp-content/uploads/2014/01/60-Cobalt-Blue.jpg|http://localhost/wordpress/wp-content/uploads/2014/01/120-Cobalt-Blue.jpg|http://localhost/wordpress/wp-content/uploads/2014/01/60-Cobalt-Blue-+-Aluminum-Screw-Pump-Spray.jpg|http://localhost/wordpress/wp-content/uploads/2014/01/10-Cobalt-Blue-+-Gel-Pump.jpg|http://localhost/wordpress/wp-content/uploads/2014/01/30-Cobalt-Blue-+-Gel-Pump.jpg|http://localhost/wordpress/wp-content/uploads/2014/01/60-Cobalt-Blue-+-Gel-Pump.jpg|http://localhost/wordpress/wp-content/uploads/2014/01/120-Cobalt-Blue-+-Lotion-Pump.jpg|http://localhost/wordpress/wp-content/uploads/2014/01/10-Cobalt-Blue-+-Pump-Spray.jpg|http://localhost/wordpress/wp-content/uploads/2014/01/30-Cobalt-Blue-+-Pump-Spray.jpg|http://localhost/wordpress/wp-content/uploads/2014/01/60-Cobalt-Blue-+-Pump-Spray.jpg|http://localhost/wordpress/wp-content/uploads/2014/01/120-Cobalt-Blue-+-Pump-Spray.jpg","variable","glass bottles","","","","Aluminum Fake Cap|Aluminum Fake Cap-+-Stopper|Aluminum Screw Pump Spray|Gel Pump|Lotion Pump|Metal Cap|Pump Spray","1|1|1","","","","","10ml|120ml|30ml|60ml","0|1|1",""
"Tubular Frosted","tubular-frosted","25443","","","publish","0","2013-07-25 02:43:08","0","open","","no","no","visible","","instock","no","no","","","","","","","none","","","","no","","","","","","","","","","","","","http://localhost/wordpress/wp-content/uploads/2014/01/60-Tubular-Frosted-+-Aluminum-Fake-Cap.jpg|http://localhost/wordpress/wp-content/uploads/2014/01/50-Tubular-Frosted-+-Gel-Pump.jpg|http://localhost/wordpress/wp-content/uploads/2014/01/60-Tubular-Frosted-+-Gel-Pump.jpg|http://localhost/wordpress/wp-content/uploads/2014/01/50-Tubular-Frosted-+-Gel-Pump-Shroud.jpg|http://localhost/wordpress/wp-content/uploads/2014/01/60-Tubular-Frosted-+-Gel-Pump-Shroud.jpg|http://localhost/wordpress/wp-content/uploads/2014/01/50-Tubular-Frosted-+-Pump-Spray.jpg|http://localhost/wordpress/wp-content/uploads/2014/01/60-Tubular-Frosted-+-Pump-Spray.jpg|http://localhost/wordpress/wp-content/uploads/2014/01/80-Tubular-Frosted-+-Pump-Spray.jpg|http://localhost/wordpress/wp-content/uploads/2014/01/50-Tubular-Frosted-+-Pump-Spray-Fancy-Silver-Matte.jpg|http://localhost/wordpress/wp-content/uploads/2014/01/60-Tubular-Frosted-+-Pump-Spray-Fancy-Silver-Matte.jpg|http://localhost/wordpress/wp-content/uploads/2014/01/50-Tubular-Frosted-+-Pump-Spray-Fancy-Silver-Shiny.jpg|http://localhost/wordpress/wp-content/uploads/2014/01/60-Tubular-Frosted-+-Pump-Spray-Fancy-Silver-Shiny.jpg|http://localhost/wordpress/wp-content/uploads/2014/01/50-Tubular-Frosted-+-Pump-Spray-Shroud.jpg|http://localhost/wordpress/wp-content/uploads/2014/01/60-Tubular-Frosted-+-Pump-Spray-Shroud.jpg","variable","glass bottles","","","","Aluminum Fake Cap|Gel Pump|Gel Pump Shroud|Pump Spray|Pump Spray Fancy Silver Matte|Pump Spray Fancy Silver Shiny|Pump Spray Shroud","1|1|1","","","","","50ml|60ml|80ml","0|1|1",""
"Round YL","round-yl","25458","","","publish","0","2013-07-25 02:43:08","0","open","","no","no","visible","","instock","no","no","","","","","","","none","","","","no","","","","","","","","","","","","","http://localhost/wordpress/wp-content/uploads/2014/01/60-Round-YL-+-Aluminum-Fake-Cap.jpg|http://localhost/wordpress/wp-content/uploads/2014/01/60-Round-YL-+-Gel-Pump.jpg|http://localhost/wordpress/wp-content/uploads/2014/01/60-Round-YL-+-Pump-Spray.jpg|http://localhost/wordpress/wp-content/uploads/2014/01/60-Round-YL-+-Pump-Spray-Fancy-Silver-Matte.jpg|http://localhost/wordpress/wp-content/uploads/2014/01/60-Round-YL-+-Pump-Spray-Fancy-Silver-Shiny.jpg|http://localhost/wordpress/wp-content/uploads/2014/01/60-Round-YL-+-Pump-Spray-Shroud.jpg","variable","glass bottles","","","","Aluminum Fake Cap|Gel Pump|Pump Spray|Pump Spray Fancy Silver Matte|Pump Spray Fancy Silver Shiny|Pump Spray Shroud","1|1|1","","","","","60ml","0|1|1",""
"Round YL Frosted","round-yl-frosted","25465","","","publish","0","2013-07-25 02:43:08","0","open","","no","no","visible","","instock","no","no","","","","","","","none","","","","no","","","","","","","","","","","","","http://localhost/wordpress/wp-content/uploads/2014/01/60-Round-YL-Frosted-+-Aluminum-Fake-Cap.jpg|http://localhost/wordpress/wp-content/uploads/2014/01/100-Round-YL-Frosted-+-Aluminum-Fake-Cap.jpg|http://localhost/wordpress/wp-content/uploads/2014/01/60-Round-YL-Frosted-+-Gel-Pump.jpg|http://localhost/wordpress/wp-content/uploads/2014/01/60-Round-YL-Frosted-+-Gel-Pump-Shroud.jpg|http://localhost/wordpress/wp-content/uploads/2014/01/60-Round-YL-Frosted-+-Pump-Spray.jpg|http://localhost/wordpress/wp-content/uploads/2014/01/100-Round-YL-Frosted-+-Pump-Spray.jpg|http://localhost/wordpress/wp-content/uploads/2014/01/60-Round-YL-Frosted-+-Pump-Spray-Fancy-Silver-Matte.jpg|http://localhost/wordpress/wp-content/uploads/2014/01/60-Round-YL-Frosted-+-Pump-Spray-Fancy-Silver-Shiny.jpg|http://localhost/wordpress/wp-content/uploads/2014/01/60-Round-YL-Frosted-+-Pump-Spray-Shroud.jpg","variable","glass bottles","","","","Aluminum Fake Cap|Gel Pump|Gel Pump Shroud|Pump Spray|Pump Spray Fancy Silver Matte|Pump Spray Fancy Silver Shiny|Pump Spray Shroud","1|1|1","","","","","100ml|60ml","0|1|1",""
"Tubular","tubular","25475","","","publish","0","2013-07-25 02:43:08","0","open","","no","no","visible","","instock","no","no","","","","","","","none","","","","no","","","","","","","","","","","","","http://localhost/wordpress/wp-content/uploads/2014/01/50-Tubular-+-Aluminum-Fake-Cap.jpg|http://localhost/wordpress/wp-content/uploads/2014/01/85-Tubular-+-Pump-Spray.jpg|http://localhost/wordpress/wp-content/uploads/2014/01/85-Tubular-+-Pump-Spray-Fancy-Silver-Shiny.jpg","variable","glass bottles","","","","Aluminum Fake Cap|Pump Spray|Pump Spray Fancy Silver Shiny","1|1|1","","","","","50ml|85ml","0|1|1",""
"Hugo","hugo","25479","","","publish","0","2013-07-25 02:43:08","0","open","","no","no","visible","","instock","no","no","","","","","","","none","","","","no","","","","","","","","","","","","","http://localhost/wordpress/wp-content/uploads/2014/01/60-Hugo-+-Aluminum-Fake-Cap.jpg|http://localhost/wordpress/wp-content/uploads/2014/01/60-Hugo-+-Gel-Pump.jpg|http://localhost/wordpress/wp-content/uploads/2014/01/60-Hugo-+-Gel-Pump-Shroud.jpg|http://localhost/wordpress/wp-content/uploads/2014/01/60-Hugo-+-Pump-Spray.jpg|http://localhost/wordpress/wp-content/uploads/2014/01/60-Hugo-+-Pump-Spray-Fancy-Silver-Matte.jpg|http://localhost/wordpress/wp-content/uploads/2014/01/60-Hugo-+-Pump-Spray-Fancy-Silver-Shiny.jpg|http://localhost/wordpress/wp-content/uploads/2014/01/60-Hugo-+-Pump-Spray-Shroud.jpg","variable","glass bottles","","","","Aluminum Fake Cap|Gel Pump|Gel Pump Shroud|Pump Spray|Pump Spray Fancy Silver Matte|Pump Spray Fancy Silver Shiny|Pump Spray Shroud","1|1|1","","","","","60ml","0|1|1",""
"Clean","clean","25487","","","publish","0","2013-07-25 02:43:08","0","open","","no","no","visible","","instock","no","no","","","","","","","none","","","","no","","","","","","","","","","","","","http://localhost/wordpress/wp-content/uploads/2014/01/60-Clean-+-Aluminum-Fake-Cap.jpg|http://localhost/wordpress/wp-content/uploads/2014/01/30-Clean-+-Aluminum-Fake-Cap.jpg|http://localhost/wordpress/wp-content/uploads/2014/01/60-Clean-+-Gel-Pump.jpg|http://localhost/wordpress/wp-content/uploads/2014/01/30-Clean-+-Gel-Pump.jpg|http://localhost/wordpress/wp-content/uploads/2014/01/60-Clean-+-Gel-Pump-Shroud.jpg|http://localhost/wordpress/wp-content/uploads/2014/01/60-Clean-+-Pump-Spray.jpg|http://localhost/wordpress/wp-content/uploads/2014/01/30-Clean-+-Pump-Spray.jpg|http://localhost/wordpress/wp-content/uploads/2014/01/60-Clean-+-Pump-Spray-Fancy-Gold.jpg|http://localhost/wordpress/wp-content/uploads/2014/01/60-Clean-+-Pump-Spray-Fancy-Silver-Matte.jpg|http://localhost/wordpress/wp-content/uploads/2014/01/30-Clean-+-Pump-Spray-Fancy-Silver-Matte.jpg|http://localhost/wordpress/wp-content/uploads/2014/01/60-Clean-+-Pump-Spray-Fancy-Silver-Shiny.jpg|http://localhost/wordpress/wp-content/uploads/2014/01/30-Clean-+-Pump-Spray-Fancy-Silver-Shiny.jpg|http://localhost/wordpress/wp-content/uploads/2014/01/60-Clean-+-Pump-Spray-Shroud.jpg","variable","glass bottles","","","","Aluminum Fake Cap|Gel Pump|Gel Pump Shroud|Pump Spray|Pump Spray Fancy Gold|Pump Spray Fancy Silver Matte|Pump Spray Fancy Silver Shiny|Pump Spray Shroud","1|1|1","","","","","30ml|60ml","0|1|1",""
"Tubular Slim","tubular-slim","25501","","","publish","0","2013-07-25 02:43:08","0","open","","no","no","visible","","instock","no","no","","","","","","","none","","","","no","","","","","","","","","","","","","http://localhost/wordpress/wp-content/uploads/2014/01/30-Tubular-Slim-+-Aluminum-Fake-Cap.jpg|http://localhost/wordpress/wp-content/uploads/2014/01/30-Tubular-Slim-+-Gel-Pump.jpg|http://localhost/wordpress/wp-content/uploads/2014/01/30-Tubular-Slim-+-Gel-Pump-Shroud.jpg|http://localhost/wordpress/wp-content/uploads/2014/01/30-Tubular-Slim-+-Pump-Spray.jpg|http://localhost/wordpress/wp-content/uploads/2014/01/30-Tubular-Slim-+-Pump-Spray-Fancy-Silver-Matte.jpg|http://localhost/wordpress/wp-content/uploads/2014/01/30-Tubular-Slim-+-Pump-Spray-Fancy-Silver-Shiny.jpg|http://localhost/wordpress/wp-content/uploads/2014/01/30-Tubular-Slim-+-Pump-Spray-Shroud.jpg","variable","glass bottles","","","","Aluminum Fake Cap|Gel Pump|Gel Pump Shroud|Pump Spray|Pump Spray Fancy Silver Matte|Pump Spray Fancy Silver Shiny|Pump Spray Shroud","1|1|1","","","","","30ml","0|1|1",""
"Gift","gift","25509","","","publish","0","2013-07-25 02:43:08","0","open","","no","no","visible","","instock","no","no","","","","","","","none","","","","no","","","","","","","","","","","","","http://localhost/wordpress/wp-content/uploads/2014/01/30-Gift-+-Cap.jpg","variable","glass bottles","","","","Cap","1|1|1","","","","","30ml","0|1|1",""
"Star","star","25511","","","publish","0","2013-07-25 02:43:08","0","open","","no","no","visible","","instock","no","no","","","","","","","none","","","","no","","","","","","","","","","","","","http://localhost/wordpress/wp-content/uploads/2014/01/30-Star-+-Cap.jpg","variable","glass bottles","","","","Cap","1|1|1","","","","","30ml","0|1|1",""
"Menstock","menstock","25513","","","publish","0","2013-07-25 02:43:08","0","open","","no","no","visible","","instock","no","no","","","","","","","none","","","","no","","","","","","","","","","","","","http://localhost/wordpress/wp-content/uploads/2014/01/50-Menstock-+-Cap.jpg","variable","glass bottles","","","","Cap","1|1|1","","","","","50ml","0|1|1",""
"William Frosted","william-frosted","25515","","","publish","0","2013-07-25 02:43:08","0","open","","no","no","visible","","instock","no","no","","","","","","","none","","","","no","","","","","","","","","","","","","http://localhost/wordpress/wp-content/uploads/2014/01/60-William-Frosted-+-Cap-Green.jpg","variable","glass bottles","","","","Cap (Green)","1|1|1","","","","","60ml","0|1|1",""
"Very Sexy Frosted","very-sexy-frosted","25517","","","publish","0","2013-07-25 02:43:08","0","open","","no","no","visible","","instock","no","no","","","","","","","none","","","","no","","","","","","","","","","","","","http://localhost/wordpress/wp-content/uploads/2014/01/50-Very-Sexy-Frosted-+-Crimp.jpg","variable","glass bottles","","","","Crimp","1|1|1","","","","","50ml","0|1|1",""
"Round","round","25519","","","publish","0","2013-07-25 02:43:08","0","open","","no","no","visible","","instock","no","no","","","","","","","none","","","","no","","","","","","","","","","","","","http://localhost/wordpress/wp-content/uploads/2014/01/12-Round-+-Gel-Pump.jpg|http://localhost/wordpress/wp-content/uploads/2014/01/10-Round-+-Gel-Pump.jpg|http://localhost/wordpress/wp-content/uploads/2014/01/12-Round-+-Gel-Pump-Shroud.jpg|http://localhost/wordpress/wp-content/uploads/2014/01/10-Round-+-Gel-Pump-Shroud.jpg|http://localhost/wordpress/wp-content/uploads/2014/01/5-Round-+-Pump-Spray.jpg|http://localhost/wordpress/wp-content/uploads/2014/01/12-Round-+-Pump-Spray.jpg|http://localhost/wordpress/wp-content/uploads/2014/01/10-Round-+-Pump-Spray.jpg|http://localhost/wordpress/wp-content/uploads/2014/01/15-Round-+-Pump-Spray.jpg|http://localhost/wordpress/wp-content/uploads/2014/01/12-Round-+-Pump-Spray-Shroud.jpg|http://localhost/wordpress/wp-content/uploads/2014/01/10-Round-+-Pump-Spray-Shroud.jpg","variable","glass bottles","","","","Gel Pump|Gel Pump Shroud|Pump Spray|Pump Spray Shroud","1|1|1","","","","","10ml|12ml|15ml|5ml","0|1|1",""
"Test Tube Frosted","test-tube-frosted","25530","","","publish","0","2013-07-25 02:43:08","0","open","","no","no","visible","","instock","no","no","","","","","","","none","","","","no","","","","","","","","","","","","","http://localhost/wordpress/wp-content/uploads/2014/01/30-Test-Tube-Frosted-+-Gel-Pump.jpg|http://localhost/wordpress/wp-content/uploads/2014/01/30-Test-Tube-Frosted-+-Gel-Pump-Shroud.jpg|http://localhost/wordpress/wp-content/uploads/2014/01/30-Test-Tube-Frosted-+-Pump-Spray.jpg|http://localhost/wordpress/wp-content/uploads/2014/01/30-Test-Tube-Frosted.jpg|http://localhost/wordpress/wp-content/uploads/2014/01/30-Test-Tube-Frosted-+-Pump-Spray-Shroud.jpg","variable","glass bottles","","","","Gel Pump|Gel Pump Shroud|Pump Spray|Pump Spray Shroud","1|1|1","","","","","30ml","0|1|1",""
"Crib Frosted","crib-frosted","25536","","","publish","0","2013-07-25 02:43:08","0","open","","no","no","visible","","instock","no","no","","","","","","","none","","","","no","","","","","","","","","","","","","http://localhost/wordpress/wp-content/uploads/2014/01/30-Crib-Frosted-+-Gel-Pump.jpg|http://localhost/wordpress/wp-content/uploads/2014/01/30-Crib-Frosted-+-Gel-Pump-Shroud.jpg|http://localhost/wordpress/wp-content/uploads/2014/01/30-Crib-Frosted-+-Pump-Spray.jpg|http://localhost/wordpress/wp-content/uploads/2014/01/30-Crib-Frosted-+-Pump-Spray-Fancy-Silver-Matte.jpg|http://localhost/wordpress/wp-content/uploads/2014/01/30-Crib-Frosted-+-Pump-Spray-Fancy-Silver-Shiny.jpg|http://localhost/wordpress/wp-content/uploads/2014/01/30-Crib-Frosted-+-Pump-Spray-Shroud.jpg","variable","glass bottles","","","","Gel Pump|Gel Pump Shroud|Pump Spray|Pump Spray Fancy Silver Matte|Pump Spray Fancy Silver Shiny|Pump Spray Shroud","1|1|1","","","","","30ml","0|1|1",""
"Cylindrical","cylindrical","25543","","","publish","0","2013-07-25 02:43:08","0","open","","no","no","visible","","instock","no","no","","","","","","","none","","","","no","","","","","","","","","","","","","http://localhost/wordpress/wp-content/uploads/2014/01/30-Cylindrical-+-Gel-Pump.jpg|http://localhost/wordpress/wp-content/uploads/2014/01/30-Cylindrical-+-Gel-Pump-Shroud.jpg|http://localhost/wordpress/wp-content/uploads/2014/01/30-Cylindrical-+-Pump-Spray.jpg|http://localhost/wordpress/wp-content/uploads/2014/01/30-Cylindrical-+-Pump-Spray-Fancy-Silver-Matte.jpg|http://localhost/wordpress/wp-content/uploads/2014/01/30-Cylindrical-+-Pump-Spray-Fancy-Silver-Shiny.jpg|http://localhost/wordpress/wp-content/uploads/2014/01/30-Cylindrical-+-Pump-Spray-Shroud.jpg","variable","glass bottles","","","","Gel Pump|Gel Pump Shroud|Pump Spray|Pump Spray Fancy Silver Matte|Pump Spray Fancy Silver Shiny|Pump Spray Shroud","1|1|1","","","","","30ml","0|1|1",""
"Teardrop Frosted","teardrop-frosted","25550","","","publish","0","2013-07-25 02:43:08","0","open","","no","no","visible","","instock","no","no","","","","","","","none","","","","no","","","","","","","","","","","","","http://localhost/wordpress/wp-content/uploads/2014/01/70-Teardrop-Frosted-+-Gel-Pump.jpg|http://localhost/wordpress/wp-content/uploads/2014/01/70-Teardrop-Frosted-+-Gel-Pump-Shroud.jpg|http://localhost/wordpress/wp-content/uploads/2014/01/70-Teardrop-Frosted-+-Pump-Spray.jpg|http://localhost/wordpress/wp-content/uploads/2014/01/70-Teardrop-Frosted-+-Pump-Spray-Fancy-Silver-Matte.jpg|http://localhost/wordpress/wp-content/uploads/2014/01/70-Teardrop-Frosted-+-Pump-Spray-Fancy-Silver-Shiny.jpg|http://localhost/wordpress/wp-content/uploads/2014/01/70-Teardrop-Frosted-+-Pump-Spray-Shroud.jpg","variable","glass bottles","","","","Gel Pump|Gel Pump Shroud|Pump Spray|Pump Spray Fancy Silver Matte|Pump Spray Fancy Silver Shiny|Pump Spray Shroud","1|1|1","","","","","70ml","0|1|1",""
"Volcano Frosted","volcano-frosted","25557","","","publish","0","2013-07-25 02:43:08","0","open","","no","no","visible","","instock","no","no","","","","","","","none","","","","no","","","","","","","","","","","","","http://localhost/wordpress/wp-content/uploads/2014/01/30-Volcano-Frosted-+-Gel-Pump.jpg|http://localhost/wordpress/wp-content/uploads/2014/01/30-Volcano-Frosted-+-Gel-Pump-Shroud.jpg|http://localhost/wordpress/wp-content/uploads/2014/01/30-Volcano-Frosted-+-Pump-Spray.jpg|http://localhost/wordpress/wp-content/uploads/2014/01/30-Volcano-Frosted-+-Pump-Spray-Fancy-Silver-Matte.jpg|http://localhost/wordpress/wp-content/uploads/2014/01/30-Volcano-Frosted-+-Pump-Spray-Fancy-Silver-Shiny.jpg|http://localhost/wordpress/wp-content/uploads/2014/01/30-Volcano-Frosted-+-Pump-Spray-Shroud.jpg","variable","glass bottles","","","","Gel Pump|Gel Pump Shroud|Pump Spray|Pump Spray Fancy Silver Matte|Pump Spray Fancy Silver Shiny|Pump Spray Shroud","1|1|1","","","","","30ml","0|1|1",""
"Round Roll-on","round-roll-on","25564","","","publish","0","2013-07-25 02:43:08","0","open","","no","no","visible","","instock","no","no","","","","","","","none","","","","no","","","","","","","","","","","","","http://localhost/wordpress/wp-content/uploads/2014/01/10-Round-Roll-on-+-Gold-Cap-Sale.jpg|http://localhost/wordpress/wp-content/uploads/2014/01/10-Round-Roll-on-+-Gold-Cap.jpg|http://localhost/wordpress/wp-content/uploads/2014/01/10-Round-Roll-on-+-Plastic-Cap.jpg|http://localhost/wordpress/wp-content/uploads/2014/01/10-Round-Roll-on-+-Silver-Matte-Cap.jpg|http://localhost/wordpress/wp-content/uploads/2014/01/10-Round-Roll-on-+-Silver-Shiny-Cap.jpg","variable","glass bottles","","","","Gold Cap|Gold Cap (Sale)|Plastic Cap|Silver Matte Cap|Silver Shiny Cap","1|1|1","","","","","10ml","0|1|1",""
"Round Roll-on Frosted","round-roll-on-frosted","25570","","","publish","0","2013-07-25 02:43:08","0","open","","no","no","visible","","instock","no","no","","","","","","","none","","","","no","","","","","","","","","","","","","http://localhost/wordpress/wp-content/uploads/2014/01/10-Round-Roll-on-Frosted-+-Plastic-Cap.jpg|http://localhost/wordpress/wp-content/uploads/2014/01/10-Round-Roll-on-Frosted-+-Silver-Matte-Cap.jpg|http://localhost/wordpress/wp-content/uploads/2014/01/10-Round-Roll-on-Frosted-+-Silver-Shiny-Cap.jpg","variable","glass bottles","","","","Plastic Cap|Silver Matte Cap|Silver Shiny Cap","1|1|1","","","","","10ml","0|1|1",""
"Round Dream Rollette","round-dream-rollette","25574","","","publish","0","2013-07-25 02:43:08","0","open","","no","no","visible","","instock","no","no","","","","","","","none","","","","no","","","","","","","","","","","","","http://localhost/wordpress/wp-content/uploads/2014/01/8-Round-Dream-Rollette-+-Plastic-Cap.jpg|http://localhost/wordpress/wp-content/uploads/2014/01/8-Round-Dream-Rollette-+-Pump-Spray.jpg","variable","glass bottles","","","","Plastic Cap|Pump Spray","1|1|1","","","","","8ml","0|1|1",""
"Clean Frosted","clean-frosted","25577","","","publish","0","2013-07-25 02:43:08","0","open","","no","no","visible","","instock","no","no","","","","","","","none","","","","no","","","","","","","","","","","","","http://localhost/wordpress/wp-content/uploads/2014/01/60-Clean-Frosted-+-Pump-Spray.jpg|http://localhost/wordpress/wp-content/uploads/2014/01/60-Clean-Frosted-+-Pump-Spray-Fancy-Silver-Matte.jpg|http://localhost/wordpress/wp-content/uploads/2014/01/60-Clean-Frosted-+-Pump-Spray-Fancy-Silver-Shiny.jpg","variable","glass bottles","","","","Pump Spray|Pump Spray Fancy Silver Matte|Pump Spray Fancy Silver Shiny","1|1|1","","","","","60ml","0|1|1",""
"Faraway","faraway","25581","","","publish","0","2013-07-25 02:43:08","0","open","","no","no","visible","","instock","no","no","","","","","","","none","","","","no","","","","","","","","","","","","","http://localhost/wordpress/wp-content/uploads/2014/01/10-Faraway-+-Pump-Spray.jpg","variable","glass bottles","","","","Pump Spray","1|1|1","","","","","10ml","0|1|1",""
"Square Black","square-black","25583","","","publish","0","2013-07-25 02:43:08","0","open","","no","no","visible","","instock","no","no","","","","","","","none","","","","no","","","","","","","","","","","","","http://localhost/wordpress/wp-content/uploads/2014/01/10-Square-Black-+-Pump-Spray.jpg|http://localhost/wordpress/wp-content/uploads/2014/01/10-Square-Black-+-Splash-On-Cap.jpg","variable","glass bottles","","","","Pump Spray|Splash On Cap","1|1|1","","","","","10ml","0|1|1",""
"Triangle","triangle","25586","","","publish","0","2013-07-25 02:43:08","0","open","","no","no","visible","","instock","no","no","","","","","","","none","","","","no","","","","","","","","","","","","","http://localhost/wordpress/wp-content/uploads/2014/01/15-Triangle-+-Pump-Spray.jpg","variable","glass bottles","","","","Pump Spray","1|1|1","","","","","15ml","0|1|1",""
"Bell","bell","25588","","","publish","0","2013-07-25 02:43:08","0","open","","no","no","visible","","instock","no","no","","","","","","","none","","","","no","","","","","","","","","","","","","http://localhost/wordpress/wp-content/uploads/2014/01/20-Bell-+-Pump-Spray.jpg","variable","glass bottles","","","","Pump Spray","1|1|1","","","","","20ml","0|1|1",""
"Twist","twist","25590","","","publish","0","2013-07-25 02:43:08","0","open","","no","no","visible","","instock","no","no","","","","","","","none","","","","no","","","","","","","","","","","","","http://localhost/wordpress/wp-content/uploads/2014/01/15-Twist-+-Pump-Spray-Fancy.jpg|http://localhost/wordpress/wp-content/uploads/2014/01/50-Twist-+-Pump-Spray-Fancy.jpg","variable","glass bottles","","","","Pump Spray Fancy","1|1|1","","","","","15ml|50ml","0|1|1",""
"Madrid","madrid","25593","","","publish","0","2013-07-25 02:43:08","0","open","","no","no","visible","","instock","no","no","","","","","","","none","","","","no","","","","","","","","","","","","","http://localhost/wordpress/wp-content/uploads/2014/01/30-Madrid-+-Pump-Spray-Fancy.jpg","variable","glass bottles","","","","Pump Spray Fancy","1|1|1","","","","","30ml","0|1|1",""
"Gucci","gucci","25595","","","publish","0","2013-07-25 02:43:08","0","open","","no","no","visible","","instock","no","no","","","","","","","none","","","","no","","","","","","","","","","","","","http://localhost/wordpress/wp-content/uploads/2014/01/30-Gucci-+-Pump-Spray-Fancy.jpg","variable","glass bottles","","","","Pump Spray Fancy","1|1|1","","","","","30ml","0|1|1",""
"Glow","glow","25597","","","publish","0","2013-07-25 02:43:08","0","open","","no","no","visible","","instock","no","no","","","","","","","none","","","","no","","","","","","","","","","","","","http://localhost/wordpress/wp-content/uploads/2014/01/50-Glow-+-Pump-Spray-Fancy.jpg","variable","glass bottles","","","","Pump Spray Fancy","1|1|1","","","","","50ml","0|1|1",""
"Rebecca","rebecca","25599","","","publish","0","2013-07-25 02:43:08","0","open","","no","no","visible","","instock","no","no","","","","","","","none","","","","no","","","","","","","","","","","","","http://localhost/wordpress/wp-content/uploads/2014/01/30-Rebecca-+-Pump-Spray-Fancy-Silver-Shiny.jpg","variable","glass bottles","","","","Pump Spray Fancy Silver Shiny","1|1|1","","","","","30ml","0|1|1",""
"Duo","duo","25601","","","publish","0","2013-07-25 02:43:08","0","open","","no","no","visible","","instock","no","no","","","","","","","none","","","","no","","","","","","","","","","","","","http://localhost/wordpress/wp-content/uploads/2014/01/5-Duo-+-Screw-Cap.jpg","variable","glass bottles","","","","Screw Cap","1|1|1","","","","","5ml","0|1|1",""
"Amber Vial","amber-vial","25603","","","publish","0","2013-07-25 02:43:08","0","open","","no","no","visible","","instock","no","no","","","","","","","none","","","","no","","","","","","","","","","","","","http://localhost/wordpress/wp-content/uploads/2014/01/20-Amber-Vial-+-Silicone-Dropper.jpg","variable","glass bottles","","","","Silicone Dropper","1|1|1","","","","","20ml","0|1|1",""
"Square","square","25605","","","publish","0","2013-07-25 02:43:08","0","open","","no","no","visible","","instock","no","no","","","","","","","none","","","","no","","","","","","","","","","","","","http://localhost/wordpress/wp-content/uploads/2014/01/10-Square-+-Splash-On-Cap.jpg","variable","glass bottles","","","","Splash On Cap","1|1|1","","","","","10ml","0|1|1",""
"Square Frosted","square-frosted","25607","","","publish","0","2013-07-25 02:43:08","0","open","","no","no","visible","","instock","no","no","","","","","","","none","","","","no","","","","","","","","","","","","","http://localhost/wordpress/wp-content/uploads/2014/01/10-Square-Frosted-+-Splash-On-Cap.jpg","variable","glass bottles","","","","Splash On Cap","1|1|1","","","","","10ml","0|1|1",""
